special,policy,mode,n,safe_success_mean,safe_success_ci95,final_success_mean,harmful_contact_mean,harmful_contact_ci95,late_switch_mean,late_switch_ci95,early_false_switch_mean,early_false_switch_ci95,deadline_violation_mean,deadline_violation_ci95,avoidable_lateness_mean,impulse_mean,expected_cost_mean,impulse_p90,expected_cost_p90
early_switch_cost_high,calibrated_deadline_guard,compliant_skin,56,0.839286,0.096193,0.803571,0.160714,0.096193,0.160714,0.096193,0.017857,0.034686,0.142857,0.091652,0.089286,0.40933,0.762965,1.599195,3.696945
early_switch_cost_high,calibrated_deadline_guard,fragile,56,0.857143,0.091652,0.821429,0.142857,0.091652,0.142857,0.091652,0.0,0.0,0.142857,0.091652,0.071429,0.407759,0.616254,1.75759,4.116365
early_switch_cost_high,calibrated_deadline_guard,nominal,56,0.910714,0.074687,0.839286,0.089286,0.074687,0.0,0.0,0.089286,0.074687,0.0,0.0,0.0,0.260244,0.796843,0.256225,0.04612
early_switch_cost_high,calibrated_deadline_guard,occluded_rim,56,0.571429,0.129615,0.535714,0.428571,0.129615,0.428571,0.129615,0.125,0.086621,0.303571,0.120429,0.071429,0.739017,2.418737,1.60373,11.230245
early_switch_cost_high,calibrated_deadline_guard,slippery,56,0.660714,0.124009,0.607143,0.339286,0.124009,0.339286,0.124009,0.035714,0.048606,0.303571,0.120429,0.089286,0.584119,1.205141,1.443435,2.66352
early_switch_cost_high,calibrated_deadline_guard,thin_lip,56,0.839286,0.096193,0.839286,0.160714,0.096193,0.160714,0.096193,0.017857,0.034686,0.142857,0.091652,0.053571,0.382621,0.653693,1.405995,3.0151
early_switch_cost_high,deadline_threshold,compliant_skin,56,0.857143,0.091652,0.821429,0.142857,0.091652,0.142857,0.091652,0.017857,0.034686,0.125,0.086621,0.107143,0.377025,0.696437,1.53864,3.69126
early_switch_cost_high,deadline_threshold,fragile,56,0.892857,0.081009,0.857143,0.107143,0.081009,0.107143,0.081009,0.017857,0.034686,0.089286,0.074687,0.053571,0.350631,0.613114,0.97539,2.082065
early_switch_cost_high,deadline_threshold,nominal,56,0.892857,0.081009,0.803571,0.107143,0.081009,0.0,0.0,0.107143,0.081009,0.0,0.0,0.0,0.28966,0.952139,0.61782,4.31121
early_switch_cost_high,deadline_threshold,occluded_rim,56,0.553571,0.130204,0.535714,0.446429,0.130204,0.446429,0.130204,0.160714,0.096193,0.285714,0.118322,0.071429,0.752164,2.76039,1.588695,11.22681
early_switch_cost_high,deadline_threshold,slippery,56,0.660714,0.124009,0.625,0.339286,0.124009,0.339286,0.124009,0.089286,0.074687,0.25,0.113413,0.071429,0.571074,1.631365,1.403585,2.67469
early_switch_cost_high,deadline_threshold,thin_lip,56,0.875,0.086621,0.839286,0.125,0.086621,0.125,0.086621,0.017857,0.034686,0.107143,0.081009,0.053571,0.33483,0.546876,1.30171,3.00076
early_switch_cost_high,oracle_precontact,compliant_skin,56,1.0,0.0,0.964286,0.0,0.0,0.0,0.0,0.0,0.0,0.0,0.0,0.0,0.17897,0.032215,0.23025,0.041445
early_switch_cost_high,oracle_precontact,fragile,56,1.0,0.0,0.982143,0.0,0.0,0.0,0.0,0.0,0.0,0.0,0.0,0.0,0.182712,0.032888,0.229215,0.04126
early_switch_cost_high,oracle_precontact,nominal,56,1.0,0.0,0.964286,0.0,0.0,0.0,0.0,0.0,0.0,0.0,0.0,0.0,0.179696,0.032345,0.23682,0.04263
early_switch_cost_high,oracle_precontact,occluded_rim,56,1.0,0.0,0.964286,0.0,0.0,0.0,0.0,0.0,0.0,0.0,0.0,0.0,0.18605,0.033489,0.243845,0.04389
early_switch_cost_high,oracle_precontact,slippery,56,1.0,0.0,0.928571,0.0,0.0,0.0,0.0,0.0,0.0,0.0,0.0,0.0,0.181585,0.032686,0.24342,0.043815
early_switch_cost_high,oracle_precontact,thin_lip,56,1.0,0.0,0.964286,0.0,0.0,0.0,0.0,0.0,0.0,0.0,0.0,0.0,0.179297,0.032273,0.24182,0.04353
early_switch_cost_high,posterior_cost_tuned,compliant_skin,56,0.785714,0.107471,0.767857,0.214286,0.107471,0.214286,0.107471,0.017857,0.034686,0.303571,0.120429,0.178571,0.479142,0.957674,1.617085,3.69231
early_switch_cost_high,posterior_cost_tuned,fragile,56,0.839286,0.096193,0.857143,0.160714,0.096193,0.160714,0.096193,0.0,0.0,0.285714,0.118322,0.107143,0.444335,0.690694,1.77911,4.12024
early_switch_cost_high,posterior_cost_tuned,nominal,56,0.910714,0.074687,0.910714,0.089286,0.074687,0.0,0.0,0.089286,0.074687,0.035714,0.048606,0.0,0.259793,0.796763,0.26558,0.047805
early_switch_cost_high,posterior_cost_tuned,occluded_rim,56,0.625,0.1268,0.625,0.375,0.1268,0.375,0.1268,0.071429,0.067454,0.357143,0.125499,0.071429,0.65591,1.814492,1.537625,3.293485
early_switch_cost_high,posterior_cost_tuned,slippery,56,0.75,0.113413,0.732143,0.25,0.113413,0.25,0.113413,0.017857,0.034686,0.321429,0.122321,0.053571,0.464759,0.826513,1.35956,2.649005
early_switch_cost_high,posterior_cost_tuned,thin_lip,56,0.928571,0.067454,0.892857,0.071429,0.067454,0.071429,0.067454,0.017857,0.034686,0.142857,0.091652,0.017857,0.26592,0.387151,0.234085,0.042135
early_switch_cost_high,posterior_fixed,compliant_skin,56,0.767857,0.110581,0.732143,0.232143,0.110581,0.232143,0.110581,0.017857,0.034686,0.303571,0.120429,0.196429,0.508545,1.023681,1.640695,3.696455
early_switch_cost_high,posterior_fixed,fragile,56,0.839286,0.096193,0.803571,0.160714,0.096193,0.160714,0.096193,0.0,0.0,0.285714,0.118322,0.107143,0.434518,0.688928,1.788315,4.1219
early_switch_cost_high,posterior_fixed,nominal,56,0.910714,0.074687,0.875,0.089286,0.074687,0.0,0.0,0.089286,0.074687,0.035714,0.048606,0.0,0.257392,0.796331,0.26724,0.048105
early_switch_cost_high,posterior_fixed,occluded_rim,56,0.625,0.1268,0.589286,0.375,0.1268,0.375,0.1268,0.071429,0.067454,0.357143,0.125499,0.071429,0.658078,1.814882,1.53884,3.28679
early_switch_cost_high,posterior_fixed,slippery,56,0.75,0.113413,0.696429,0.25,0.113413,0.25,0.113413,0.017857,0.034686,0.321429,0.122321,0.053571,0.463476,0.826282,1.405095,2.65831
early_switch_cost_high,posterior_fixed,thin_lip,56,0.928571,0.067454,0.928571,0.071429,0.067454,0.071429,0.067454,0.017857,0.034686,0.142857,0.091652,0.017857,0.266334,0.387225,0.25301,0.04554
early_switch_cost_high,risk_guard,compliant_skin,56,0.857143,0.091652,0.785714,0.142857,0.091652,0.142857,0.091652,0.089286,0.074687,0.053571,0.058976,0.053571,0.368418,1.266315,1.410645,3.703405
early_switch_cost_high,risk_guard,fragile,56,0.928571,0.067454,0.839286,0.071429,0.067454,0.071429,0.067454,0.017857,0.034686,0.053571,0.058976,0.017857,0.296128,0.467589,0.25835,0.046505
early_switch_cost_high,risk_guard,nominal,56,0.821429,0.100312,0.785714,0.178571,0.100312,0.0,0.0,0.178571,0.100312,0.0,0.0,0.0,0.334732,1.560252,1.03796,8.586835
early_switch_cost_high,risk_guard,occluded_rim,56,0.5,0.130958,0.482143,0.5,0.130958,0.5,0.130958,0.303571,0.120429,0.196429,0.104058,0.017857,0.805048,4.07348,1.52646,11.2555
early_switch_cost_high,risk_guard,slippery,56,0.642857,0.125499,0.607143,0.357143,0.125499,0.357143,0.125499,0.178571,0.100312,0.178571,0.100312,0.017857,0.603757,2.394391,1.45971,10.6192
early_switch_cost_high,risk_guard,thin_lip,56,0.875,0.086621,0.839286,0.125,0.086621,0.125,0.086621,0.035714,0.048606,0.089286,0.074687,0.035714,0.33934,0.690546,1.217985,3.009995
early_switch_cost_high,v2_guard,compliant_skin,56,0.589286,0.128853,0.535714,0.410714,0.128853,0.410714,0.128853,0.0,0.0,0.410714,0.128853,0.375,0.74911,1.531268,1.66689,3.70004
early_switch_cost_high,v2_guard,fragile,56,0.678571,0.122321,0.678571,0.321429,0.122321,0.321429,0.122321,0.0,0.0,0.321429,0.122321,0.267857,0.68704,1.345095,1.801055,4.12419
early_switch_cost_high,v2_guard,nominal,56,0.928571,0.067454,0.910714,0.071429,0.067454,0.0,0.0,0.071429,0.067454,0.0,0.0,0.0,0.246556,0.64438,0.250625,0.04511
early_switch_cost_high,v2_guard,occluded_rim,56,0.517857,0.130874,0.517857,0.482143,0.130874,0.482143,0.130874,0.053571,0.058976,0.428571,0.129615,0.196429,0.808004,2.02044,1.600375,3.293475
early_switch_cost_high,v2_guard,slippery,56,0.607143,0.127916,0.607143,0.392857,0.127916,0.392857,0.127916,0.035714,0.048606,0.357143,0.125499,0.142857,0.649109,1.345411,1.46525,2.67003
early_switch_cost_high,v2_guard,thin_lip,56,0.803571,0.104058,0.803571,0.196429,0.104058,0.196429,0.104058,0.0,0.0,0.196429,0.104058,0.125,0.435846,0.61863,1.52699,3.024855
equal_impulse,calibrated_deadline_guard,compliant_skin,56,0.821429,0.100312,0.839286,0.0,0.0,0.178571,0.100312,0.0,0.0,0.178571,0.100312,0.142857,0.337246,0.123204,0.378525,0.41555
equal_impulse,calibrated_deadline_guard,fragile,56,0.964286,0.048606,0.928571,0.0,0.0,0.035714,0.048606,0.017857,0.034686,0.017857,0.034686,0.017857,0.336951,0.091008,0.383385,0.069505
equal_impulse,calibrated_deadline_guard,nominal,56,0.946429,0.058976,0.875,0.0,0.0,0.0,0.0,0.053571,0.058976,0.0,0.0,0.0,0.337286,0.114282,0.38121,0.070515
equal_impulse,calibrated_deadline_guard,occluded_rim,56,0.589286,0.128853,0.642857,0.0,0.0,0.410714,0.128853,0.142857,0.091652,0.267857,0.115988,0.035714,0.333868,0.346703,0.37228,1.4062
equal_impulse,calibrated_deadline_guard,slippery,56,0.75,0.113413,0.839286,0.0,0.0,0.25,0.113413,0.0,0.0,0.25,0.113413,0.089286,0.336031,0.147985,0.38388,0.41816
equal_impulse,calibrated_deadline_guard,thin_lip,56,0.839286,0.096193,0.839286,0.0,0.0,0.160714,0.096193,0.017857,0.034686,0.142857,0.091652,0.089286,0.336498,0.134677,0.371545,0.413885
equal_impulse,deadline_threshold,compliant_skin,56,0.839286,0.096193,0.857143,0.0,0.0,0.160714,0.096193,0.017857,0.034686,0.142857,0.091652,0.125,0.337913,0.134932,0.3805,0.4131
equal_impulse,deadline_threshold,fragile,56,0.982143,0.034686,1.0,0.0,0.0,0.017857,0.034686,0.017857,0.034686,0.0,0.0,0.0,0.334997,0.084407,0.37577,0.068415
equal_impulse,deadline_threshold,nominal,56,0.910714,0.074687,0.910714,0.0,0.0,0.0,0.0,0.089286,0.074687,0.0,0.0,0.0,0.337842,0.150098,0.379675,0.07133
equal_impulse,deadline_threshold,occluded_rim,56,0.535714,0.130624,0.589286,0.0,0.0,0.464286,0.130624,0.232143,0.110581,0.232143,0.110581,0.053571,0.338577,0.455587,0.37825,1.413385
equal_impulse,deadline_threshold,slippery,56,0.767857,0.110581,0.767857,0.0,0.0,0.232143,0.110581,0.035714,0.048606,0.196429,0.104058,0.089286,0.337938,0.177793,0.37545,0.416455
equal_impulse,deadline_threshold,thin_lip,56,0.892857,0.081009,0.892857,0.0,0.0,0.107143,0.081009,0.017857,0.034686,0.089286,0.074687,0.071429,0.336028,0.115842,0.377685,0.24147
equal_impulse,oracle_precontact,compliant_skin,56,1.0,0.0,0.964286,0.0,0.0,0.0,0.0,0.0,0.0,0.0,0.0,0.0,0.336472,0.060565,0.38012,0.068425
equal_impulse,oracle_precontact,fragile,56,1.0,0.0,0.982143,0.0,0.0,0.0,0.0,0.0,0.0,0.0,0.0,0.0,0.338598,0.060948,0.37811,0.06806
equal_impulse,oracle_precontact,nominal,56,1.0,0.0,0.964286,0.0,0.0,0.0,0.0,0.0,0.0,0.0,0.0,0.0,0.338418,0.060915,0.376215,0.06772
equal_impulse,oracle_precontact,occluded_rim,56,1.0,0.0,0.964286,0.0,0.0,0.0,0.0,0.0,0.0,0.0,0.0,0.0,0.337553,0.060759,0.37257,0.067065
equal_impulse,oracle_precontact,slippery,56,1.0,0.0,0.964286,0.0,0.0,0.0,0.0,0.0,0.0,0.0,0.0,0.0,0.337817,0.060807,0.383125,0.06896
equal_impulse,oracle_precontact,thin_lip,56,1.0,0.0,1.0,0.0,0.0,0.0,0.0,0.0,0.0,0.0,0.0,0.0,0.335259,0.060346,0.37026,0.066645
equal_impulse,posterior_cost_tuned,compliant_skin,56,0.857143,0.091652,0.839286,0.0,0.0,0.142857,0.091652,0.017857,0.034686,0.232143,0.110581,0.125,0.33912,0.128899,0.38699,0.41482
equal_impulse,posterior_cost_tuned,fragile,56,0.928571,0.067454,0.964286,0.0,0.0,0.071429,0.067454,0.017857,0.034686,0.125,0.086621,0.053571,0.335432,0.103235,0.377005,0.069025
equal_impulse,posterior_cost_tuned,nominal,56,0.875,0.086621,0.892857,0.0,0.0,0.0,0.0,0.125,0.086621,0.017857,0.034686,0.0,0.334472,0.185205,0.37417,1.052485
equal_impulse,posterior_cost_tuned,occluded_rim,56,0.625,0.1268,0.696429,0.0,0.0,0.375,0.1268,0.214286,0.107471,0.25,0.113413,0.017857,0.3365,0.406106,0.37497,1.41095
equal_impulse,posterior_cost_tuned,slippery,56,0.928571,0.067454,0.910714,0.0,0.0,0.071429,0.067454,0.017857,0.034686,0.196429,0.104058,0.0,0.339435,0.103956,0.382385,0.07011
equal_impulse,posterior_cost_tuned,thin_lip,56,0.964286,0.048606,0.910714,0.0,0.0,0.035714,0.048606,0.017857,0.034686,0.071429,0.067454,0.0,0.337436,0.091096,0.3784,0.06874
equal_impulse,posterior_fixed,compliant_skin,56,0.785714,0.107471,0.839286,0.0,0.0,0.214286,0.107471,0.0,0.0,0.339286,0.124009,0.214286,0.336242,0.135524,0.372775,0.415465
equal_impulse,posterior_fixed,fragile,56,0.839286,0.096193,0.875,0.0,0.0,0.160714,0.096193,0.017857,0.034686,0.267857,0.115988,0.142857,0.337949,0.134938,0.378625,0.417225
equal_impulse,posterior_fixed,nominal,56,0.982143,0.034686,0.946429,0.0,0.0,0.0,0.0,0.017857,0.034686,0.0,0.0,0.0,0.335224,0.078198,0.373795,0.06837
equal_impulse,posterior_fixed,occluded_rim,56,0.642857,0.125499,0.678571,0.0,0.0,0.357143,0.125499,0.089286,0.074687,0.357143,0.125499,0.053571,0.337646,0.275062,0.37346,0.41979
equal_impulse,posterior_fixed,slippery,56,0.857143,0.091652,0.875,0.0,0.0,0.142857,0.091652,0.0,0.0,0.267857,0.115988,0.035714,0.338351,0.110903,0.378175,0.417545
equal_impulse,posterior_fixed,thin_lip,56,0.928571,0.067454,0.892857,0.0,0.0,0.071429,0.067454,0.0,0.0,0.160714,0.096193,0.053571,0.333348,0.085002,0.38191,0.07039
equal_impulse,risk_guard,compliant_skin,56,0.946429,0.058976,0.910714,0.0,0.0,0.053571,0.058976,0.035714,0.048606,0.017857,0.034686,0.017857,0.337944,0.115294,0.381555,0.070345
equal_impulse,risk_guard,fragile,56,0.982143,0.034686,0.964286,0.0,0.0,0.017857,0.034686,0.017857,0.034686,0.0,0.0,0.0,0.337103,0.084786,0.37332,0.067795
equal_impulse,risk_guard,nominal,56,0.642857,0.125499,0.678571,0.0,0.0,0.0,0.0,0.357143,0.125499,0.0,0.0,0.0,0.335001,0.417443,0.373115,1.06435
equal_impulse,risk_guard,occluded_rim,56,0.375,0.1268,0.5,0.0,0.0,0.625,0.1268,0.5,0.130958,0.125,0.086621,0.0,0.335691,0.779175,0.38079,1.416985
equal_impulse,risk_guard,slippery,56,0.803571,0.104058,0.839286,0.0,0.0,0.196429,0.104058,0.125,0.086621,0.071429,0.067454,0.0,0.335778,0.25419,0.372915,1.404115
equal_impulse,risk_guard,thin_lip,56,0.910714,0.074687,0.857143,0.0,0.0,0.089286,0.074687,0.071429,0.067454,0.017857,0.034686,0.0,0.331087,0.162274,0.366925,0.068975
equal_impulse,v2_guard,compliant_skin,56,0.660714,0.124009,0.660714,0.0,0.0,0.339286,0.124009,0.0,0.0,0.339286,0.124009,0.321429,0.3352,0.179087,0.37968,0.41816
equal_impulse,v2_guard,fragile,56,0.696429,0.120429,0.607143,0.0,0.0,0.303571,0.120429,0.017857,0.034686,0.285714,0.118322,0.285714,0.332587,0.183972,0.376705,0.418955
equal_impulse,v2_guard,nominal,56,0.982143,0.034686,0.964286,0.0,0.0,0.0,0.0,0.017857,0.034686,0.0,0.0,0.0,0.339325,0.078936,0.378865,0.069285
equal_impulse,v2_guard,occluded_rim,56,0.517857,0.130874,0.607143,0.0,0.0,0.482143,0.130874,0.071429,0.067454,0.410714,0.128853,0.107143,0.335501,0.300569,0.36957,0.417455
equal_impulse,v2_guard,slippery,56,0.696429,0.120429,0.767857,0.0,0.0,0.303571,0.120429,0.0,0.0,0.303571,0.120429,0.196429,0.335569,0.166652,0.368135,0.415745
equal_impulse,v2_guard,thin_lip,56,0.785714,0.107471,0.785714,0.0,0.0,0.214286,0.107471,0.017857,0.034686,0.196429,0.104058,0.178571,0.336024,0.153341,0.377695,0.41736
evidence_at_contact,calibrated_deadline_guard,compliant_skin,56,0.0,0.0,0.0,1.0,0.0,1.0,0.0,0.0,0.0,1.0,0.0,0.0,1.492323,3.668618,1.679785,3.702365
evidence_at_contact,calibrated_deadline_guard,fragile,56,0.0,0.0,0.0,1.0,0.0,1.0,0.0,0.0,0.0,1.0,0.0,0.0,1.6488,4.096784,1.85362,4.13365
evidence_at_contact,calibrated_deadline_guard,nominal,56,1.0,0.0,0.982143,0.0,0.0,0.0,0.0,0.0,0.0,0.0,0.0,0.0,0.18073,0.032532,0.23585,0.042455
evidence_at_contact,calibrated_deadline_guard,occluded_rim,56,0.0,0.0,0.0,1.0,0.0,1.0,0.0,0.0,0.0,1.0,0.0,0.0,1.380945,3.24857,1.57907,3.28423
evidence_at_contact,calibrated_deadline_guard,slippery,56,0.0,0.0,0.0,1.0,0.0,1.0,0.0,0.0,0.0,1.0,0.0,0.0,1.266549,2.627979,1.44858,2.660745
evidence_at_contact,calibrated_deadline_guard,thin_lip,56,0.0,0.0,0.0,1.0,0.0,1.0,0.0,0.0,0.0,1.0,0.0,0.0,1.355737,2.994034,1.539585,3.02713
evidence_at_contact,deadline_threshold,compliant_skin,56,0.0,0.0,0.0,1.0,0.0,1.0,0.0,0.0,0.0,1.0,0.0,0.0,1.464442,3.663599,1.64315,3.695765
evidence_at_contact,deadline_threshold,fragile,56,0.0,0.0,0.017857,1.0,0.0,1.0,0.0,0.0,0.0,1.0,0.0,0.0,1.64147,4.095465,1.852035,4.133365
evidence_at_contact,deadline_threshold,nominal,56,1.0,0.0,0.982143,0.0,0.0,0.0,0.0,0.0,0.0,0.0,0.0,0.0,0.182169,0.03279,0.228905,0.0412
evidence_at_contact,deadline_threshold,occluded_rim,56,0.0,0.0,0.017857,1.0,0.0,1.0,0.0,0.0,0.0,1.0,0.0,0.0,1.41978,3.25556,1.611705,3.290105
evidence_at_contact,deadline_threshold,slippery,56,0.0,0.0,0.0,1.0,0.0,1.0,0.0,0.0,0.0,1.0,0.0,0.0,1.25949,2.626708,1.44981,2.660965
evidence_at_contact,deadline_threshold,thin_lip,56,0.0,0.0,0.017857,1.0,0.0,1.0,0.0,0.0,0.0,1.0,0.0,0.0,1.337827,2.990809,1.544535,3.028015
evidence_at_contact,oracle_precontact,compliant_skin,56,1.0,0.0,0.910714,0.0,0.0,0.0,0.0,0.0,0.0,0.0,0.0,0.0,0.182953,0.032931,0.23423,0.04216
evidence_at_contact,oracle_precontact,fragile,56,1.0,0.0,0.982143,0.0,0.0,0.0,0.0,0.0,0.0,0.0,0.0,0.0,0.179992,0.032399,0.25039,0.04507
evidence_at_contact,oracle_precontact,nominal,56,1.0,0.0,0.946429,0.0,0.0,0.0,0.0,0.0,0.0,0.0,0.0,0.0,0.179799,0.032364,0.23351,0.042035
evidence_at_contact,oracle_precontact,occluded_rim,56,1.0,0.0,1.0,0.0,0.0,0.0,0.0,0.0,0.0,0.0,0.0,0.0,0.178537,0.032136,0.22357,0.04024
evidence_at_contact,oracle_precontact,slippery,56,1.0,0.0,1.0,0.0,0.0,0.0,0.0,0.0,0.0,0.0,0.0,0.0,0.189039,0.034027,0.236435,0.042555
evidence_at_contact,oracle_precontact,thin_lip,56,1.0,0.0,0.964286,0.0,0.0,0.0,0.0,0.0,0.0,0.0,0.0,0.0,0.180808,0.032546,0.228385,0.04111
evidence_at_contact,posterior_cost_tuned,compliant_skin,56,0.0,0.0,0.017857,1.0,0.0,1.0,0.0,0.0,0.0,1.0,0.0,0.0,1.469668,3.66454,1.668385,3.70031
evidence_at_contact,posterior_cost_tuned,fragile,56,0.0,0.0,0.017857,1.0,0.0,1.0,0.0,0.0,0.0,1.0,0.0,0.0,1.649149,4.096847,1.867085,4.136075
evidence_at_contact,posterior_cost_tuned,nominal,56,1.0,0.0,0.946429,0.0,0.0,0.0,0.0,0.0,0.0,0.017857,0.034686,0.0,0.178742,0.032174,0.23096,0.041575
evidence_at_contact,posterior_cost_tuned,occluded_rim,56,0.0,0.0,0.017857,1.0,0.0,1.0,0.0,0.0,0.0,1.0,0.0,0.0,1.414484,3.254606,1.594585,3.287025
evidence_at_contact,posterior_cost_tuned,slippery,56,0.0,0.0,0.017857,1.0,0.0,1.0,0.0,0.0,0.0,1.0,0.0,0.0,1.258096,2.626458,1.44339,2.65981
evidence_at_contact,posterior_cost_tuned,thin_lip,56,0.0,0.0,0.0,1.0,0.0,1.0,0.0,0.0,0.0,1.0,0.0,0.0,1.348809,2.992786,1.53015,3.025425
evidence_at_contact,posterior_fixed,compliant_skin,56,0.0,0.0,0.017857,1.0,0.0,1.0,0.0,0.0,0.0,1.0,0.0,0.0,1.454192,3.661754,1.62615,3.692705
evidence_at_contact,posterior_fixed,fragile,56,0.0,0.0,0.0,1.0,0.0,1.0,0.0,0.0,0.0,1.0,0.0,0.0,1.648709,4.096768,1.818,4.12724
evidence_at_contact,posterior_fixed,nominal,56,1.0,0.0,0.982143,0.0,0.0,0.0,0.0,0.0,0.0,0.017857,0.034686,0.0,0.185547,0.033398,0.23959,0.04313
evidence_at_contact,posterior_fixed,occluded_rim,56,0.0,0.0,0.0,1.0,0.0,1.0,0.0,0.0,0.0,1.0,0.0,0.0,1.420091,3.255616,1.61791,3.291225
evidence_at_contact,posterior_fixed,slippery,56,0.0,0.0,0.017857,1.0,0.0,1.0,0.0,0.0,0.0,1.0,0.0,0.0,1.263985,2.627518,1.450725,2.66113
evidence_at_contact,posterior_fixed,thin_lip,56,0.0,0.0,0.0,1.0,0.0,1.0,0.0,0.0,0.0,1.0,0.0,0.0,1.351231,2.993221,1.54198,3.027555
evidence_at_contact,risk_guard,compliant_skin,56,0.0,0.0,0.0,1.0,0.0,1.0,0.0,0.0,0.0,1.0,0.0,0.0,1.475218,3.665539,1.691675,3.7045
evidence_at_contact,risk_guard,fragile,56,0.0,0.0,0.0,1.0,0.0,1.0,0.0,0.0,0.0,1.0,0.0,0.0,1.634802,4.094264,1.82483,4.128465
evidence_at_contact,risk_guard,nominal,56,1.0,0.0,0.964286,0.0,0.0,0.0,0.0,0.0,0.0,0.0,0.0,0.0,0.182553,0.032859,0.24689,0.04444
evidence_at_contact,risk_guard,occluded_rim,56,0.0,0.0,0.0,1.0,0.0,1.0,0.0,0.0,0.0,1.0,0.0,0.0,1.41809,3.255256,1.64459,3.296025
evidence_at_contact,risk_guard,slippery,56,0.0,0.0,0.0,1.0,0.0,1.0,0.0,0.0,0.0,1.0,0.0,0.0,1.264388,2.62759,1.433105,2.657955
evidence_at_contact,risk_guard,thin_lip,56,0.0,0.0,0.0,1.0,0.0,1.0,0.0,0.0,0.0,1.0,0.0,0.0,1.3461,2.992298,1.532985,3.025935
evidence_at_contact,v2_guard,compliant_skin,56,0.0,0.0,0.035714,1.0,0.0,1.0,0.0,0.0,0.0,1.0,0.0,0.0,1.470514,3.664693,1.648455,3.696725
evidence_at_contact,v2_guard,fragile,56,0.0,0.0,0.017857,1.0,0.0,1.0,0.0,0.0,0.0,1.0,0.0,0.0,1.647102,4.096478,1.819445,4.1275
evidence_at_contact,v2_guard,nominal,56,1.0,0.0,0.946429,0.0,0.0,0.0,0.0,0.0,0.0,0.0,0.0,0.0,0.182004,0.03276,0.247455,0.044545
evidence_at_contact,v2_guard,occluded_rim,56,0.0,0.0,0.017857,1.0,0.0,1.0,0.0,0.0,0.0,1.0,0.0,0.0,1.406595,3.253187,1.55717,3.28029
evidence_at_contact,v2_guard,slippery,56,0.0,0.0,0.0,1.0,0.0,1.0,0.0,0.0,0.0,1.0,0.0,0.0,1.274863,2.629476,1.4453,2.660155
evidence_at_contact,v2_guard,thin_lip,56,0.0,0.0,0.017857,1.0,0.0,1.0,0.0,0.0,0.0,1.0,0.0,0.0,1.335939,2.990469,1.52967,3.02534
no_hidden_mode,calibrated_deadline_guard,nominal,56,0.946429,0.058976,0.910714,0.035714,0.048606,0.0,0.0,0.053571,0.058976,0.0,0.0,0.0,0.217188,0.106951,0.24476,0.04406
no_hidden_mode,deadline_threshold,nominal,56,0.892857,0.081009,0.785714,0.089286,0.074687,0.0,0.0,0.107143,0.081009,0.0,0.0,0.0,0.252143,0.188242,0.400375,0.57207
no_hidden_mode,oracle_precontact,nominal,56,1.0,0.0,0.964286,0.0,0.0,0.0,0.0,0.0,0.0,0.0,0.0,0.0,0.185175,0.033331,0.25043,0.045075
no_hidden_mode,posterior_cost_tuned,nominal,56,0.892857,0.081009,0.875,0.089286,0.074687,0.0,0.0,0.107143,0.081009,0.017857,0.034686,0.0,0.258547,0.189396,0.42228,0.57601
no_hidden_mode,posterior_fixed,nominal,56,0.982143,0.034686,0.982143,0.0,0.0,0.0,0.0,0.017857,0.034686,0.017857,0.034686,0.0,0.185733,0.05129,0.23184,0.04173
no_hidden_mode,risk_guard,nominal,56,0.642857,0.125499,0.607143,0.339286,0.124009,0.0,0.0,0.357143,0.125499,0.0,0.0,0.0,0.4164,0.567808,0.93321,1.567975
no_hidden_mode,v2_guard,nominal,56,0.964286,0.048606,0.946429,0.017857,0.034686,0.0,0.0,0.035714,0.048606,0.0,0.0,0.0,0.198161,0.078526,0.23434,0.04218
random_cue,calibrated_deadline_guard,compliant_skin,56,0.0,0.0,0.0,1.0,0.0,1.0,0.0,0.0,0.0,1.0,0.0,0.0,1.490075,3.668214,1.672535,3.70106
random_cue,calibrated_deadline_guard,fragile,56,0.0,0.0,0.0,1.0,0.0,1.0,0.0,0.0,0.0,1.0,0.0,0.0,1.669459,4.100503,1.877005,4.137865
random_cue,calibrated_deadline_guard,nominal,56,1.0,0.0,0.982143,0.0,0.0,0.0,0.0,0.0,0.0,0.0,0.0,0.0,0.185458,0.033383,0.2319,0.041745
random_cue,calibrated_deadline_guard,occluded_rim,56,0.0,0.0,0.0,1.0,0.0,1.0,0.0,0.0,0.0,1.0,0.0,0.0,1.41426,3.254566,1.6206,3.29171
random_cue,calibrated_deadline_guard,slippery,56,0.0,0.0,0.0,1.0,0.0,1.0,0.0,0.0,0.0,1.0,0.0,0.0,1.264157,2.627548,1.452805,2.661505
random_cue,calibrated_deadline_guard,thin_lip,56,0.0,0.0,0.035714,1.0,0.0,1.0,0.0,0.0,0.0,1.0,0.0,0.0,1.355997,2.99408,1.530905,3.02556
random_cue,deadline_threshold,compliant_skin,56,0.0,0.0,0.017857,1.0,0.0,1.0,0.0,0.0,0.0,1.0,0.0,0.0,1.498082,3.669654,1.6974,3.70553
random_cue,deadline_threshold,fragile,56,0.0,0.0,0.017857,1.0,0.0,1.0,0.0,0.0,0.0,1.0,0.0,0.0,1.638098,4.094857,1.830365,4.12947
random_cue,deadline_threshold,nominal,56,1.0,0.0,0.964286,0.0,0.0,0.0,0.0,0.0,0.0,0.0,0.0,0.0,0.17585,0.031653,0.212905,0.03832
random_cue,deadline_threshold,occluded_rim,56,0.0,0.0,0.017857,1.0,0.0,1.0,0.0,0.0,0.0,1.0,0.0,0.0,1.406757,3.253216,1.603455,3.28862
random_cue,deadline_threshold,slippery,56,0.0,0.0,0.0,1.0,0.0,1.0,0.0,0.0,0.0,1.0,0.0,0.0,1.271501,2.62887,1.45912,2.66264
random_cue,deadline_threshold,thin_lip,56,0.0,0.0,0.0,1.0,0.0,1.0,0.0,0.0,0.0,1.0,0.0,0.0,1.352103,2.993379,1.525745,3.024635
random_cue,oracle_precontact,compliant_skin,56,1.0,0.0,0.946429,0.0,0.0,0.0,0.0,0.0,0.0,0.0,0.0,0.0,0.177109,0.03188,0.21758,0.039165
random_cue,oracle_precontact,fragile,56,1.0,0.0,1.0,0.0,0.0,0.0,0.0,0.0,0.0,0.0,0.0,0.0,0.186951,0.033651,0.24334,0.0438
random_cue,oracle_precontact,nominal,56,1.0,0.0,0.982143,0.0,0.0,0.0,0.0,0.0,0.0,0.0,0.0,0.0,0.180702,0.032527,0.23223,0.0418
random_cue,oracle_precontact,occluded_rim,56,1.0,0.0,0.982143,0.0,0.0,0.0,0.0,0.0,0.0,0.0,0.0,0.0,0.178775,0.03218,0.237555,0.042755
random_cue,oracle_precontact,slippery,56,1.0,0.0,0.928571,0.0,0.0,0.0,0.0,0.0,0.0,0.0,0.0,0.0,0.182353,0.032824,0.233815,0.042085
random_cue,oracle_precontact,thin_lip,56,1.0,0.0,0.946429,0.0,0.0,0.0,0.0,0.0,0.0,0.0,0.0,0.0,0.181086,0.032596,0.227285,0.040915
random_cue,posterior_cost_tuned,compliant_skin,56,0.0,0.0,0.0,1.0,0.0,1.0,0.0,0.0,0.0,1.0,0.0,0.0,1.469522,3.664514,1.675405,3.701575
random_cue,posterior_cost_tuned,fragile,56,0.0,0.0,0.0,1.0,0.0,1.0,0.0,0.0,0.0,1.0,0.0,0.0,1.648488,4.096728,1.86537,4.135765
random_cue,posterior_cost_tuned,nominal,56,1.0,0.0,0.964286,0.0,0.0,0.0,0.0,0.0,0.0,0.0,0.0,0.0,0.186531,0.033575,0.233525,0.042035
random_cue,posterior_cost_tuned,occluded_rim,56,0.0,0.0,0.053571,1.0,0.0,1.0,0.0,0.0,0.0,1.0,0.0,0.0,1.381764,3.248717,1.5721,3.28298
random_cue,posterior_cost_tuned,slippery,56,0.0,0.0,0.017857,1.0,0.0,1.0,0.0,0.0,0.0,1.0,0.0,0.0,1.262138,2.627184,1.48795,2.66783
random_cue,posterior_cost_tuned,thin_lip,56,0.0,0.0,0.0,1.0,0.0,1.0,0.0,0.0,0.0,1.0,0.0,0.0,1.346604,2.992389,1.517785,3.0232
random_cue,posterior_fixed,compliant_skin,56,0.0,0.0,0.035714,1.0,0.0,1.0,0.0,0.0,0.0,1.0,0.0,0.0,1.480979,3.666576,1.65753,3.69836
random_cue,posterior_fixed,fragile,56,0.0,0.0,0.0,1.0,0.0,1.0,0.0,0.0,0.0,1.0,0.0,0.0,1.614116,4.09054,1.80505,4.124905
random_cue,posterior_fixed,nominal,56,1.0,0.0,1.0,0.0,0.0,0.0,0.0,0.0,0.0,0.0,0.0,0.0,0.175181,0.031532,0.229445,0.0413
random_cue,posterior_fixed,occluded_rim,56,0.0,0.0,0.0,1.0,0.0,1.0,0.0,0.0,0.0,1.0,0.0,0.0,1.396123,3.251302,1.56683,3.28203
random_cue,posterior_fixed,slippery,56,0.0,0.0,0.0,1.0,0.0,1.0,0.0,0.0,0.0,1.0,0.0,0.0,1.244087,2.623935,1.42908,2.657235
random_cue,posterior_fixed,thin_lip,56,0.0,0.0,0.0,1.0,0.0,1.0,0.0,0.0,0.0,1.0,0.0,0.0,1.352283,2.99341,1.545635,3.028215
random_cue,risk_guard,compliant_skin,56,0.0,0.0,0.0,1.0,0.0,1.0,0.0,0.0,0.0,1.0,0.0,0.0,1.471159,3.664809,1.680625,3.70251
random_cue,risk_guard,fragile,56,0.0,0.0,0.0,1.0,0.0,1.0,0.0,0.0,0.0,1.0,0.0,0.0,1.642269,4.095609,1.809795,4.12576
random_cue,risk_guard,nominal,56,1.0,0.0,0.982143,0.0,0.0,0.0,0.0,0.0,0.0,0.0,0.0,0.0,0.182162,0.03279,0.237955,0.042835
random_cue,risk_guard,occluded_rim,56,0.0,0.0,0.017857,1.0,0.0,1.0,0.0,0.0,0.0,1.0,0.0,0.0,1.404038,3.252727,1.589175,3.286055
random_cue,risk_guard,slippery,56,0.0,0.0,0.035714,1.0,0.0,1.0,0.0,0.0,0.0,1.0,0.0,0.0,1.268603,2.628348,1.43688,2.658635
random_cue,risk_guard,thin_lip,56,0.0,0.0,0.0,1.0,0.0,1.0,0.0,0.0,0.0,1.0,0.0,0.0,1.331238,2.989622,1.51296,3.02233
random_cue,v2_guard,compliant_skin,56,0.0,0.0,0.0,1.0,0.0,1.0,0.0,0.0,0.0,1.0,0.0,0.0,1.478466,3.666124,1.6809,3.70256
random_cue,v2_guard,fragile,56,0.0,0.0,0.0,1.0,0.0,1.0,0.0,0.0,0.0,1.0,0.0,0.0,1.661673,4.099101,1.85498,4.1339
random_cue,v2_guard,nominal,56,1.0,0.0,0.892857,0.0,0.0,0.0,0.0,0.0,0.0,0.0,0.0,0.0,0.186791,0.033622,0.23158,0.041685
random_cue,v2_guard,occluded_rim,56,0.0,0.0,0.0,1.0,0.0,1.0,0.0,0.0,0.0,1.0,0.0,0.0,1.411858,3.254134,1.59266,3.28668
random_cue,v2_guard,slippery,56,0.0,0.0,0.0,1.0,0.0,1.0,0.0,0.0,0.0,1.0,0.0,0.0,1.273972,2.629315,1.479365,2.666285
random_cue,v2_guard,thin_lip,56,0.0,0.0,0.0,1.0,0.0,1.0,0.0,0.0,0.0,1.0,0.0,0.0,1.36796,2.996233,1.57608,3.033695
switch_too_slow,calibrated_deadline_guard,compliant_skin,56,0.178571,0.100312,0.178571,0.821429,0.100312,0.821429,0.100312,0.0,0.0,0.821429,0.100312,0.0,1.511464,3.064921,1.949335,3.75088
switch_too_slow,calibrated_deadline_guard,fragile,56,0.214286,0.107471,0.196429,0.785714,0.107471,0.785714,0.107471,0.0,0.0,0.785714,0.107471,0.0,1.595946,3.272985,2.123145,4.182165
switch_too_slow,calibrated_deadline_guard,nominal,56,0.964286,0.048606,0.910714,0.035714,0.048606,0.0,0.0,0.035714,0.048606,0.0,0.0,0.0,0.206187,0.087114,0.23945,0.043105
switch_too_slow,calibrated_deadline_guard,occluded_rim,56,0.071429,0.067454,0.053571,0.928571,0.067454,0.928571,0.067454,0.017857,0.034686,0.910714,0.074687,0.053571,1.594866,3.090647,1.90266,3.344765
switch_too_slow,calibrated_deadline_guard,slippery,56,0.142857,0.091652,0.142857,0.857143,0.091652,0.857143,0.091652,0.017857,0.034686,0.839286,0.096193,0.053571,1.370335,2.32166,1.73167,2.7123
switch_too_slow,calibrated_deadline_guard,thin_lip,56,0.160714,0.096193,0.160714,0.839286,0.096193,0.839286,0.096193,0.0,0.0,0.839286,0.096193,0.035714,1.429426,2.565333,1.815375,3.07677
switch_too_slow,deadline_threshold,compliant_skin,56,0.178571,0.100312,0.178571,0.821429,0.100312,0.821429,0.100312,0.0,0.0,0.821429,0.100312,0.0,1.518724,3.066227,1.998505,3.75973
switch_too_slow,deadline_threshold,fragile,56,0.214286,0.107471,0.214286,0.785714,0.107471,0.785714,0.107471,0.0,0.0,0.785714,0.107471,0.0,1.587565,3.271475,2.10352,4.17863
switch_too_slow,deadline_threshold,nominal,56,0.964286,0.048606,0.946429,0.035714,0.048606,0.0,0.0,0.035714,0.048606,0.0,0.0,0.0,0.202259,0.086407,0.24168,0.043505
switch_too_slow,deadline_threshold,occluded_rim,56,0.107143,0.081009,0.107143,0.892857,0.081009,0.892857,0.081009,0.017857,0.034686,0.875,0.086621,0.035714,1.560896,2.97739,1.87417,3.33895
switch_too_slow,deadline_threshold,slippery,56,0.142857,0.091652,0.142857,0.857143,0.091652,0.857143,0.091652,0.035714,0.048606,0.821429,0.100312,0.035714,1.359518,2.337571,1.74506,2.71598
switch_too_slow,deadline_threshold,thin_lip,56,0.178571,0.100312,0.214286,0.821429,0.100312,0.821429,0.100312,0.0,0.0,0.821429,0.100312,0.017857,1.405427,2.511906,1.832145,3.07979
switch_too_slow,oracle_precontact,compliant_skin,56,0.5,0.130958,0.5,0.5,0.130958,0.5,0.130958,0.0,0.0,0.5,0.130958,0.0,1.021682,1.883902,1.966805,3.754025
switch_too_slow,oracle_precontact,fragile,56,0.5,0.130958,0.464286,0.5,0.130958,0.5,0.130958,0.0,0.0,0.5,0.130958,0.0,1.111711,2.100108,2.10517,4.17893
switch_too_slow,oracle_precontact,nominal,56,1.0,0.0,0.910714,0.0,0.0,0.0,0.0,0.0,0.0,0.0,0.0,0.0,0.184897,0.033281,0.23989,0.04318
switch_too_slow,oracle_precontact,occluded_rim,56,0.5,0.130958,0.464286,0.5,0.130958,0.5,0.130958,0.0,0.0,0.5,0.130958,0.0,0.983279,1.67699,1.875755,3.33764
switch_too_slow,oracle_precontact,slippery,56,0.5,0.130958,0.5,0.5,0.130958,0.5,0.130958,0.0,0.0,0.5,0.130958,0.0,0.910434,1.363879,1.737165,2.71269
switch_too_slow,oracle_precontact,thin_lip,56,0.5,0.130958,0.446429,0.5,0.130958,0.5,0.130958,0.0,0.0,0.5,0.130958,0.0,0.960963,1.547973,1.830265,3.07945
switch_too_slow,posterior_cost_tuned,compliant_skin,56,0.142857,0.091652,0.142857,0.857143,0.091652,0.857143,0.091652,0.0,0.0,0.857143,0.091652,0.035714,1.559064,3.194917,1.91991,3.745585
switch_too_slow,posterior_cost_tuned,fragile,56,0.142857,0.091652,0.178571,0.857143,0.091652,0.857143,0.091652,0.0,0.0,0.857143,0.091652,0.071429,1.713475,3.565568,2.146905,4.18644
switch_too_slow,posterior_cost_tuned,nominal,56,0.982143,0.034686,0.964286,0.017857,0.034686,0.0,0.0,0.017857,0.034686,0.178571,0.100312,0.0,0.19576,0.060237,0.238735,0.04297
switch_too_slow,posterior_cost_tuned,occluded_rim,56,0.089286,0.074687,0.107143,0.910714,0.074687,0.910714,0.074687,0.035714,0.048606,0.875,0.086621,0.035714,1.57307,3.05101,1.886655,3.35026
switch_too_slow,posterior_cost_tuned,slippery,56,0.178571,0.100312,0.178571,0.821429,0.100312,0.821429,0.100312,0.0,0.0,0.821429,0.100312,0.035714,1.337354,2.212153,1.73679,2.71262
switch_too_slow,posterior_cost_tuned,thin_lip,56,0.178571,0.100312,0.178571,0.821429,0.100312,0.821429,0.100312,0.0,0.0,0.821429,0.100312,0.017857,1.402147,2.511315,1.8239,3.0783
switch_too_slow,posterior_fixed,compliant_skin,56,0.071429,0.067454,0.089286,0.928571,0.067454,0.928571,0.067454,0.0,0.0,0.928571,0.067454,0.107143,1.671583,3.458028,1.938035,3.74885
switch_too_slow,posterior_fixed,fragile,56,0.071429,0.067454,0.089286,0.928571,0.067454,0.928571,0.067454,0.0,0.0,0.928571,0.067454,0.142857,1.830339,3.858032,2.140595,4.185305
switch_too_slow,posterior_fixed,nominal,56,0.982143,0.034686,0.928571,0.017857,0.034686,0.0,0.0,0.017857,0.034686,0.107143,0.081009,0.0,0.193395,0.059811,0.24223,0.0436
switch_too_slow,posterior_fixed,occluded_rim,56,0.035714,0.048606,0.035714,0.964286,0.048606,0.964286,0.048606,0.0,0.0,0.964286,0.048606,0.107143,1.659069,3.191489,1.87984,3.33837
switch_too_slow,posterior_fixed,slippery,56,0.089286,0.074687,0.107143,0.910714,0.074687,0.910714,0.074687,0.0,0.0,0.910714,0.074687,0.125,1.458399,2.448226,1.752725,2.71549
switch_too_slow,posterior_fixed,thin_lip,56,0.142857,0.091652,0.125,0.857143,0.091652,0.857143,0.091652,0.0,0.0,0.857143,0.091652,0.053571,1.461665,2.620243,1.82627,3.078725
switch_too_slow,risk_guard,compliant_skin,56,0.178571,0.100312,0.178571,0.821429,0.100312,0.821429,0.100312,0.053571,0.058976,0.767857,0.110581,0.0,1.497308,3.115943,1.98269,3.759915
switch_too_slow,risk_guard,fragile,56,0.214286,0.107471,0.214286,0.785714,0.107471,0.785714,0.107471,0.0,0.0,0.785714,0.107471,0.0,1.601301,3.273949,2.14355,4.18584
switch_too_slow,risk_guard,nominal,56,0.892857,0.081009,0.875,0.107143,0.081009,0.0,0.0,0.107143,0.081009,0.0,0.0,0.0,0.255527,0.195994,0.48221,0.786795
switch_too_slow,risk_guard,occluded_rim,56,0.071429,0.067454,0.053571,0.928571,0.067454,0.928571,0.067454,0.107143,0.081009,0.821429,0.100312,0.0,1.582767,3.177755,1.906275,3.78423
switch_too_slow,risk_guard,slippery,56,0.142857,0.091652,0.142857,0.857143,0.091652,0.857143,0.091652,0.089286,0.074687,0.767857,0.110581,0.0,1.355467,2.390413,1.76964,2.72493
switch_too_slow,risk_guard,thin_lip,56,0.160714,0.096193,0.160714,0.839286,0.096193,0.839286,0.096193,0.053571,0.058976,0.785714,0.107471,0.0,1.419201,2.617063,1.828485,3.09192
switch_too_slow,v2_guard,compliant_skin,56,0.071429,0.067454,0.071429,0.928571,0.067454,0.928571,0.067454,0.0,0.0,0.928571,0.067454,0.107143,1.684786,3.460404,1.97078,3.75474
switch_too_slow,v2_guard,fragile,56,0.035714,0.048606,0.035714,0.964286,0.048606,0.964286,0.048606,0.0,0.0,0.964286,0.048606,0.178571,1.895704,4.005512,2.12193,4.18195
switch_too_slow,v2_guard,nominal,56,1.0,0.0,1.0,0.0,0.0,0.0,0.0,0.0,0.0,0.0,0.0,0.0,0.185495,0.033389,0.23847,0.042925
switch_too_slow,v2_guard,occluded_rim,56,0.0,0.0,0.0,1.0,0.0,1.0,0.0,0.0,0.0,1.0,0.0,0.142857,1.710069,3.307813,1.93341,3.348015
switch_too_slow,v2_guard,slippery,56,0.053571,0.058976,0.071429,0.946429,0.058976,0.946429,0.058976,0.0,0.0,0.946429,0.058976,0.160714,1.510608,2.543339,1.75603,2.716085
switch_too_slow,v2_guard,thin_lip,56,0.160714,0.096193,0.160714,0.839286,0.096193,0.839286,0.096193,0.0,0.0,0.839286,0.096193,0.035714,1.432824,2.565944,1.823565,3.078245
zero_latency,calibrated_deadline_guard,compliant_skin,56,0.982143,0.034686,0.946429,0.017857,0.034686,0.017857,0.034686,0.017857,0.034686,0.0,0.0,0.0,0.202067,0.114944,0.239615,0.04313
zero_latency,calibrated_deadline_guard,fragile,56,1.0,0.0,0.964286,0.0,0.0,0.0,0.0,0.0,0.0,0.0,0.0,0.0,0.176121,0.031701,0.226725,0.04081
zero_latency,calibrated_deadline_guard,nominal,56,0.910714,0.074687,0.892857,0.053571,0.058976,0.0,0.0,0.089286,0.074687,0.0,0.0,0.0,0.230609,0.152224,0.26965,0.048535
zero_latency,calibrated_deadline_guard,occluded_rim,56,0.875,0.086621,0.875,0.125,0.086621,0.125,0.086621,0.125,0.086621,0.0,0.0,0.0,0.295739,0.553233,0.89646,4.161365
zero_latency,calibrated_deadline_guard,slippery,56,1.0,0.0,0.982143,0.0,0.0,0.0,0.0,0.0,0.0,0.0,0.0,0.0,0.178558,0.03214,0.223595,0.04025
zero_latency,calibrated_deadline_guard,thin_lip,56,1.0,0.0,1.0,0.0,0.0,0.0,0.0,0.0,0.0,0.0,0.0,0.0,0.18847,0.033926,0.248025,0.044645
zero_latency,deadline_threshold,compliant_skin,56,0.982143,0.034686,0.964286,0.017857,0.034686,0.017857,0.034686,0.017857,0.034686,0.0,0.0,0.0,0.21025,0.116416,0.23841,0.04291
zero_latency,deadline_threshold,fragile,56,0.982143,0.034686,0.946429,0.017857,0.034686,0.017857,0.034686,0.017857,0.034686,0.0,0.0,0.0,0.199229,0.121576,0.234795,0.042265
zero_latency,deadline_threshold,nominal,56,0.892857,0.081009,0.875,0.071429,0.067454,0.0,0.0,0.107143,0.081009,0.0,0.0,0.0,0.243179,0.179486,0.394675,0.57104
zero_latency,deadline_threshold,occluded_rim,56,0.839286,0.096193,0.803571,0.160714,0.096193,0.160714,0.096193,0.160714,0.096193,0.0,0.0,0.0,0.322999,0.700997,1.02754,4.18496
zero_latency,deadline_threshold,slippery,56,0.964286,0.048606,0.928571,0.035714,0.048606,0.035714,0.048606,0.035714,0.048606,0.0,0.0,0.0,0.21622,0.160348,0.242115,0.04358
zero_latency,deadline_threshold,thin_lip,56,0.982143,0.034686,0.964286,0.017857,0.034686,0.017857,0.034686,0.017857,0.034686,0.0,0.0,0.0,0.193987,0.101881,0.240795,0.043345
zero_latency,oracle_precontact,compliant_skin,56,1.0,0.0,0.982143,0.0,0.0,0.0,0.0,0.0,0.0,0.0,0.0,0.0,0.182402,0.032833,0.23324,0.041985
zero_latency,oracle_precontact,fragile,56,1.0,0.0,0.982143,0.0,0.0,0.0,0.0,0.0,0.0,0.0,0.0,0.0,0.179912,0.032384,0.23308,0.041955
zero_latency,oracle_precontact,nominal,56,1.0,0.0,0.982143,0.0,0.0,0.0,0.0,0.0,0.0,0.0,0.0,0.0,0.184405,0.033193,0.230985,0.04158
zero_latency,oracle_precontact,occluded_rim,56,1.0,0.0,0.946429,0.0,0.0,0.0,0.0,0.0,0.0,0.0,0.0,0.0,0.180136,0.032424,0.22791,0.041025
zero_latency,oracle_precontact,slippery,56,1.0,0.0,0.982143,0.0,0.0,0.0,0.0,0.0,0.0,0.0,0.0,0.0,0.177051,0.03187,0.226645,0.0408
zero_latency,oracle_precontact,thin_lip,56,1.0,0.0,0.946429,0.0,0.0,0.0,0.0,0.0,0.0,0.0,0.0,0.0,0.182726,0.03289,0.245635,0.044215
zero_latency,posterior_cost_tuned,compliant_skin,56,0.964286,0.048606,0.946429,0.035714,0.048606,0.035714,0.048606,0.035714,0.048606,0.0,0.0,0.0,0.219797,0.196707,0.240895,0.04336
zero_latency,posterior_cost_tuned,fragile,56,0.946429,0.058976,0.910714,0.053571,0.058976,0.053571,0.058976,0.053571,0.058976,0.0,0.0,0.0,0.237165,0.299833,0.245575,0.044205
zero_latency,posterior_cost_tuned,nominal,56,0.821429,0.100312,0.785714,0.125,0.086621,0.0,0.0,0.178571,0.100312,0.0,0.0,0.0,0.280451,0.279053,0.68615,1.523505
zero_latency,posterior_cost_tuned,occluded_rim,56,0.821429,0.100312,0.785714,0.178571,0.100312,0.178571,0.100312,0.178571,0.100312,0.0,0.0,0.0,0.339634,0.77542,1.05904,4.19063
zero_latency,posterior_cost_tuned,slippery,56,0.946429,0.058976,0.946429,0.053571,0.058976,0.053571,0.058976,0.053571,0.058976,0.0,0.0,0.0,0.22634,0.222884,0.259195,0.046655
zero_latency,posterior_cost_tuned,thin_lip,56,0.946429,0.058976,0.910714,0.053571,0.058976,0.053571,0.058976,0.053571,0.058976,0.0,0.0,0.0,0.226552,0.241672,0.24355,0.04384
zero_latency,posterior_fixed,compliant_skin,56,0.982143,0.034686,0.928571,0.017857,0.034686,0.017857,0.034686,0.017857,0.034686,0.0,0.0,0.0,0.197884,0.11419,0.23223,0.0418
zero_latency,posterior_fixed,fragile,56,1.0,0.0,1.0,0.0,0.0,0.0,0.0,0.0,0.0,0.0,0.0,0.0,0.181459,0.032663,0.23223,0.0418
zero_latency,posterior_fixed,nominal,56,0.910714,0.074687,0.839286,0.053571,0.058976,0.0,0.0,0.089286,0.074687,0.0,0.0,0.0,0.231953,0.152466,0.268835,0.04839
zero_latency,posterior_fixed,occluded_rim,56,0.928571,0.067454,0.928571,0.071429,0.067454,0.071429,0.067454,0.071429,0.067454,0.0,0.0,0.0,0.241339,0.329155,0.23939,0.04309
zero_latency,posterior_fixed,slippery,56,1.0,0.0,0.964286,0.0,0.0,0.0,0.0,0.0,0.0,0.0,0.0,0.0,0.182661,0.03288,0.22283,0.04011
zero_latency,posterior_fixed,thin_lip,56,1.0,0.0,1.0,0.0,0.0,0.0,0.0,0.0,0.0,0.0,0.0,0.0,0.184764,0.033257,0.22971,0.041345
zero_latency,risk_guard,compliant_skin,56,0.910714,0.074687,0.857143,0.089286,0.074687,0.089286,0.074687,0.089286,0.074687,0.0,0.0,0.0,0.258006,0.439298,0.242095,0.043575
zero_latency,risk_guard,fragile,56,0.910714,0.074687,0.892857,0.089286,0.074687,0.089286,0.074687,0.089286,0.074687,0.0,0.0,0.0,0.281142,0.479177,0.27207,0.048975
zero_latency,risk_guard,nominal,56,0.571429,0.129615,0.625,0.321429,0.122321,0.0,0.0,0.428571,0.129615,0.0,0.0,0.0,0.418329,0.632442,0.804175,1.54475
zero_latency,risk_guard,occluded_rim,56,0.535714,0.130624,0.517857,0.464286,0.130624,0.464286,0.130624,0.464286,0.130624,0.0,0.0,0.0,0.585193,1.962478,1.13685,4.204635
zero_latency,risk_guard,slippery,56,0.785714,0.107471,0.803571,0.214286,0.107471,0.214286,0.107471,0.214286,0.107471,0.0,0.0,0.0,0.353027,0.792117,1.00376,3.580675
zero_latency,risk_guard,thin_lip,56,0.928571,0.067454,0.857143,0.071429,0.067454,0.071429,0.067454,0.071429,0.067454,0.0,0.0,0.0,0.245939,0.312127,0.254305,0.045775
zero_latency,v2_guard,compliant_skin,56,0.982143,0.034686,0.946429,0.017857,0.034686,0.017857,0.034686,0.017857,0.034686,0.0,0.0,0.0,0.197397,0.114103,0.23382,0.04209
zero_latency,v2_guard,fragile,56,1.0,0.0,0.964286,0.0,0.0,0.0,0.0,0.0,0.0,0.0,0.0,0.0,0.189067,0.034032,0.229385,0.04129
zero_latency,v2_guard,nominal,56,0.946429,0.058976,0.892857,0.035714,0.048606,0.0,0.0,0.053571,0.058976,0.0,0.0,0.0,0.210063,0.105669,0.24878,0.04478
zero_latency,v2_guard,occluded_rim,56,0.946429,0.058976,0.928571,0.053571,0.058976,0.053571,0.058976,0.053571,0.058976,0.0,0.0,0.0,0.22512,0.254808,0.24056,0.043305
zero_latency,v2_guard,slippery,56,1.0,0.0,0.982143,0.0,0.0,0.0,0.0,0.0,0.0,0.0,0.0,0.0,0.183045,0.032948,0.233085,0.041955
zero_latency,v2_guard,thin_lip,56,1.0,0.0,0.982143,0.0,0.0,0.0,0.0,0.0,0.0,0.0,0.0,0.0,0.18193,0.032747,0.23736,0.042725
