condition,policy,mode,n,safe_success_mean,safe_success_ci95,final_success_mean,harmful_contact_mean,harmful_contact_ci95,late_switch_mean,late_switch_ci95,early_false_switch_mean,early_false_switch_ci95,deadline_violation_mean,deadline_violation_ci95,avoidable_lateness_mean,impulse_mean,expected_cost_mean,impulse_p90,expected_cost_p90
early_cue,calibrated_deadline_guard,compliant_skin,280,0.921429,0.031517,0.917857,0.078571,0.031517,0.078571,0.031517,0.003571,0.006987,0.075,0.030852,0.025,0.28743,0.322452,0.250152,0.045029
early_cue,calibrated_deadline_guard,fragile,280,0.942857,0.027188,0.889286,0.057143,0.027188,0.057143,0.027188,0.0,0.0,0.057143,0.027188,0.014286,0.267149,0.26523,0.242784,0.043701
early_cue,calibrated_deadline_guard,nominal,280,0.939286,0.027972,0.907143,0.057143,0.027188,0.0,0.0,0.060714,0.027972,0.0,0.0,0.0,0.207915,0.120996,0.251765,0.045315
early_cue,calibrated_deadline_guard,occluded_rim,280,0.846429,0.042231,0.832143,0.153571,0.042231,0.153571,0.042231,0.067857,0.029459,0.085714,0.03279,0.014286,0.35965,0.593308,1.258137,3.298694
early_cue,calibrated_deadline_guard,slippery,280,0.882143,0.037768,0.853571,0.117857,0.037768,0.117857,0.037768,0.021429,0.016962,0.096429,0.034575,0.025,0.309338,0.359967,1.085438,2.650651
early_cue,calibrated_deadline_guard,thin_lip,280,0.928571,0.030166,0.9,0.071429,0.030166,0.071429,0.030166,0.017857,0.015512,0.053571,0.026375,0.014286,0.259786,0.261047,0.249795,0.044964
early_cue,contact_reactive,compliant_skin,280,0.142857,0.040988,0.235714,0.857143,0.040988,0.857143,0.040988,0.0,0.0,0.857143,0.040988,0.0,1.264799,3.14195,1.67034,3.700664
early_cue,contact_reactive,fragile,280,0.142857,0.040988,0.235714,0.857143,0.040988,0.857143,0.040988,0.0,0.0,0.857143,0.040988,0.0,1.410041,3.51095,1.8197,4.127544
early_cue,contact_reactive,nominal,280,1.0,0.0,0.964286,0.0,0.0,0.0,0.0,0.0,0.0,0.0,0.0,0.0,0.168172,0.030271,0.227874,0.041014
early_cue,contact_reactive,occluded_rim,280,0.142857,0.040988,0.232143,0.857143,0.040988,0.857143,0.040988,0.0,0.0,0.857143,0.040988,0.0,1.206485,2.788596,1.592953,3.286727
early_cue,contact_reactive,slippery,280,0.142857,0.040988,0.285714,0.857143,0.040988,0.857143,0.040988,0.0,0.0,0.857143,0.040988,0.0,1.09403,2.254068,1.460894,2.662957
early_cue,contact_reactive,thin_lip,280,0.142857,0.040988,0.289286,0.857143,0.040988,0.857143,0.040988,0.0,0.0,0.857143,0.040988,0.0,1.162078,2.566317,1.543495,3.027825
early_cue,deadline_threshold,compliant_skin,280,0.928571,0.030166,0.903571,0.071429,0.030166,0.071429,0.030166,0.007143,0.009864,0.064286,0.028728,0.014286,0.273085,0.299155,0.244399,0.043995
early_cue,deadline_threshold,fragile,280,0.939286,0.027972,0.903571,0.060714,0.027972,0.060714,0.027972,0.007143,0.009864,0.053571,0.026375,0.025,0.267973,0.286092,0.241407,0.043453
early_cue,deadline_threshold,nominal,280,0.882143,0.037768,0.867857,0.1,0.03514,0.0,0.0,0.117857,0.037768,0.0,0.0,0.0,0.241673,0.201358,0.638153,1.154869
early_cue,deadline_threshold,occluded_rim,280,0.835714,0.043402,0.803571,0.164286,0.043402,0.164286,0.043402,0.089286,0.033401,0.075,0.030852,0.017857,0.360575,0.647046,1.208323,3.311954
early_cue,deadline_threshold,slippery,280,0.871429,0.039207,0.85,0.128571,0.039207,0.128571,0.039207,0.039286,0.022756,0.089286,0.033401,0.032143,0.315375,0.404624,1.003364,2.657941
early_cue,deadline_threshold,thin_lip,280,0.928571,0.030166,0.903571,0.071429,0.030166,0.071429,0.030166,0.025,0.018287,0.046429,0.024646,0.014286,0.256195,0.267544,0.251902,0.045343
early_cue,fixed_nominal,compliant_skin,280,0.0,0.0,0.017857,1.0,0.0,1.0,0.0,0.0,0.0,0.857143,0.040988,0.0,1.429232,3.657261,1.674631,3.70143
early_cue,fixed_nominal,fragile,280,0.0,0.0,0.007143,1.0,0.0,1.0,0.0,0.0,0.0,0.857143,0.040988,0.0,1.596036,4.087287,1.837644,4.130773
early_cue,fixed_nominal,nominal,280,1.0,0.0,0.960714,0.0,0.0,0.0,0.0,0.0,0.0,0.0,0.0,0.0,0.169095,0.030437,0.230179,0.041429
early_cue,fixed_nominal,occluded_rim,280,0.0,0.0,0.021429,1.0,0.0,1.0,0.0,0.0,0.0,0.857143,0.040988,0.0,1.355772,3.244039,1.587181,3.285694
early_cue,fixed_nominal,slippery,280,0.0,0.0,0.025,1.0,0.0,1.0,0.0,0.0,0.0,0.857143,0.040988,0.0,1.216656,2.618998,1.436401,2.658554
early_cue,fixed_nominal,thin_lip,280,0.0,0.0,0.010714,1.0,0.0,1.0,0.0,0.0,0.0,0.857143,0.040988,0.0,1.300069,2.984012,1.533351,3.026004
early_cue,oracle_precontact,compliant_skin,280,1.0,0.0,0.964286,0.0,0.0,0.0,0.0,0.0,0.0,0.0,0.0,0.0,0.173815,0.031287,0.235264,0.04235
early_cue,oracle_precontact,fragile,280,1.0,0.0,0.971429,0.0,0.0,0.0,0.0,0.0,0.0,0.0,0.0,0.0,0.168196,0.030275,0.230887,0.041563
early_cue,oracle_precontact,nominal,280,1.0,0.0,0.960714,0.0,0.0,0.0,0.0,0.0,0.0,0.0,0.0,0.0,0.170568,0.030702,0.231484,0.041666
early_cue,oracle_precontact,occluded_rim,280,1.0,0.0,0.942857,0.0,0.0,0.0,0.0,0.0,0.0,0.0,0.0,0.0,0.171074,0.030793,0.226148,0.040707
early_cue,oracle_precontact,slippery,280,1.0,0.0,0.964286,0.0,0.0,0.0,0.0,0.0,0.0,0.0,0.0,0.0,0.168543,0.030338,0.231604,0.041693
early_cue,oracle_precontact,thin_lip,280,1.0,0.0,0.946429,0.0,0.0,0.0,0.0,0.0,0.0,0.0,0.0,0.0,0.167612,0.03017,0.226036,0.040688
early_cue,posterior_fixed,compliant_skin,280,0.907143,0.033996,0.885714,0.092857,0.033996,0.092857,0.033996,0.003571,0.006987,0.1,0.03514,0.039286,0.305945,0.374356,0.269525,0.048513
early_cue,posterior_fixed,fragile,280,0.914286,0.03279,0.889286,0.085714,0.03279,0.085714,0.03279,0.0,0.0,0.092857,0.033996,0.05,0.315808,0.38256,0.260793,0.046946
early_cue,posterior_fixed,nominal,280,0.964286,0.021737,0.921429,0.032143,0.02066,0.0,0.0,0.035714,0.021737,0.003571,0.006987,0.0,0.19034,0.082832,0.24034,0.043262
early_cue,posterior_fixed,occluded_rim,280,0.871429,0.039207,0.846429,0.128571,0.039207,0.128571,0.039207,0.035714,0.021737,0.1,0.03514,0.017857,0.33373,0.4815,1.186091,3.287385
early_cue,posterior_fixed,slippery,280,0.896429,0.035691,0.875,0.103571,0.035691,0.103571,0.035691,0.007143,0.009864,0.1,0.03514,0.039286,0.296484,0.309081,0.624781,2.630438
early_cue,posterior_fixed,thin_lip,280,0.942857,0.027188,0.921429,0.057143,0.027188,0.057143,0.027188,0.007143,0.009864,0.05,0.025528,0.014286,0.24681,0.208712,0.236773,0.042622
early_cue,posterior_tuned,compliant_skin,280,0.910714,0.033401,0.889286,0.089286,0.033401,0.089286,0.033401,0.014286,0.0139,0.085714,0.03279,0.025,0.29569,0.371081,0.263893,0.047501
early_cue,posterior_tuned,fragile,280,0.917857,0.032162,0.892857,0.082143,0.032162,0.082143,0.032162,0.003571,0.006987,0.082143,0.032162,0.046429,0.305777,0.370754,0.25681,0.046223
early_cue,posterior_tuned,nominal,280,0.885714,0.037267,0.864286,0.1,0.03514,0.0,0.0,0.114286,0.037267,0.003571,0.006987,0.0,0.243678,0.198147,0.636105,1.154496
early_cue,posterior_tuned,occluded_rim,280,0.835714,0.043402,0.814286,0.164286,0.043402,0.164286,0.043402,0.075,0.030852,0.092857,0.033996,0.017857,0.370675,0.634579,1.277938,3.300721
early_cue,posterior_tuned,slippery,280,0.892857,0.036228,0.878571,0.107143,0.036228,0.107143,0.036228,0.017857,0.015512,0.092857,0.033996,0.032143,0.298233,0.328682,0.87545,2.656661
early_cue,posterior_tuned,thin_lip,280,0.932143,0.029459,0.885714,0.067857,0.029459,0.067857,0.029459,0.021429,0.016962,0.046429,0.024646,0.014286,0.253351,0.253639,0.249058,0.04483
early_cue,risk_guard,compliant_skin,280,0.875,0.038738,0.842857,0.125,0.038738,0.125,0.038738,0.078571,0.031517,0.046429,0.024646,0.003571,0.319643,0.561107,1.094559,3.718431
early_cue,risk_guard,fragile,280,0.925,0.030852,0.892857,0.075,0.030852,0.075,0.030852,0.039286,0.022756,0.035714,0.021737,0.003571,0.277489,0.374234,0.251506,0.045273
early_cue,risk_guard,nominal,280,0.542857,0.058351,0.575,0.364286,0.056368,0.0,0.0,0.457143,0.058351,0.0,0.0,0.0,0.446725,0.683268,0.910563,1.563904
early_cue,risk_guard,occluded_rim,280,0.567857,0.058024,0.553571,0.432143,0.058024,0.432143,0.058024,0.371429,0.056597,0.060714,0.027972,0.0,0.601679,1.776159,1.24901,4.213303
early_cue,risk_guard,slippery,280,0.714286,0.052915,0.7,0.285714,0.052915,0.285714,0.052915,0.235714,0.049716,0.05,0.025528,0.0,0.433388,0.999438,1.120998,3.588128
early_cue,risk_guard,thin_lip,280,0.917857,0.032162,0.9,0.082143,0.032162,0.082143,0.032162,0.039286,0.022756,0.042857,0.023723,0.003571,0.266237,0.313101,0.261541,0.04708
early_cue,v2_guard,compliant_skin,280,0.9,0.03514,0.871429,0.1,0.03514,0.1,0.03514,0.003571,0.006987,0.096429,0.034575,0.046429,0.315182,0.400304,0.393435,0.413211
early_cue,v2_guard,fragile,280,0.903571,0.034575,0.871429,0.096429,0.034575,0.096429,0.034575,0.0,0.0,0.096429,0.034575,0.060714,0.326036,0.425115,0.257579,0.046366
early_cue,v2_guard,nominal,280,0.964286,0.021737,0.925,0.021429,0.016962,0.0,0.0,0.035714,0.021737,0.0,0.0,0.0,0.189187,0.07834,0.242293,0.043611
early_cue,v2_guard,occluded_rim,280,0.860714,0.040556,0.825,0.139286,0.040556,0.139286,0.040556,0.028571,0.019514,0.110714,0.036754,0.032143,0.353838,0.51012,1.504773,3.283176
early_cue,v2_guard,slippery,280,0.882143,0.037768,0.853571,0.117857,0.037768,0.117857,0.037768,0.007143,0.009864,0.110714,0.036754,0.05,0.313334,0.3464,1.318676,2.641379
early_cue,v2_guard,thin_lip,280,0.917857,0.032162,0.860714,0.082143,0.032162,0.082143,0.032162,0.007143,0.009864,0.075,0.030852,0.039286,0.281543,0.283714,0.255713,0.046032
high_noise,calibrated_deadline_guard,compliant_skin,280,0.717857,0.052715,0.685714,0.282143,0.052715,0.282143,0.052715,0.010714,0.012059,0.271429,0.052088,0.064286,0.563271,1.071389,1.644488,3.700087
high_noise,calibrated_deadline_guard,fragile,280,0.732143,0.051871,0.707143,0.267857,0.051871,0.267857,0.051871,0.007143,0.009864,0.260714,0.051424,0.071429,0.593159,1.131769,1.803799,4.128761
high_noise,calibrated_deadline_guard,nominal,280,0.939286,0.027972,0.9,0.053571,0.026375,0.0,0.0,0.060714,0.027972,0.0,0.0,0.0,0.204634,0.118977,0.242881,0.043715
high_noise,calibrated_deadline_guard,occluded_rim,280,0.471429,0.058471,0.467857,0.528571,0.058471,0.528571,0.058471,0.132143,0.039666,0.396429,0.057296,0.064286,0.808425,1.863374,1.586359,4.173449
high_noise,calibrated_deadline_guard,slippery,280,0.635714,0.056368,0.614286,0.364286,0.056368,0.364286,0.056368,0.028571,0.019514,0.332143,0.055167,0.046429,0.585194,1.008192,1.444101,2.665948
high_noise,calibrated_deadline_guard,thin_lip,280,0.675,0.054862,0.667857,0.325,0.054862,0.325,0.054862,0.014286,0.0139,0.310714,0.054207,0.071429,0.571213,1.010854,1.505938,3.022226
high_noise,contact_reactive,compliant_skin,280,0.142857,0.040988,0.221429,0.857143,0.040988,0.857143,0.040988,0.0,0.0,0.857143,0.040988,0.0,1.25851,3.140817,1.653677,3.697657
high_noise,contact_reactive,fragile,280,0.142857,0.040988,0.235714,0.857143,0.040988,0.857143,0.040988,0.0,0.0,0.857143,0.040988,0.0,1.40836,3.510648,1.811229,4.126017
high_noise,contact_reactive,nominal,280,1.0,0.0,0.960714,0.0,0.0,0.0,0.0,0.0,0.0,0.0,0.0,0.0,0.171946,0.03095,0.229087,0.041237
high_noise,contact_reactive,occluded_rim,280,0.142857,0.040988,0.282143,0.857143,0.040988,0.857143,0.040988,0.0,0.0,0.857143,0.040988,0.0,1.207296,2.788742,1.590048,3.286207
high_noise,contact_reactive,slippery,280,0.142857,0.040988,0.307143,0.857143,0.040988,0.857143,0.040988,0.0,0.0,0.857143,0.040988,0.0,1.080128,2.251566,1.4349,2.658283
high_noise,contact_reactive,thin_lip,280,0.142857,0.040988,0.3,0.857143,0.040988,0.857143,0.040988,0.0,0.0,0.857143,0.040988,0.0,1.15168,2.564445,1.525284,3.024547
high_noise,deadline_threshold,compliant_skin,280,0.728571,0.052088,0.692857,0.271429,0.052088,0.271429,0.052088,0.021429,0.016962,0.25,0.05072,0.057143,0.544478,1.042292,1.633921,3.695719
high_noise,deadline_threshold,fragile,280,0.760714,0.049974,0.739286,0.239286,0.049974,0.239286,0.049974,0.007143,0.009864,0.232143,0.049453,0.060714,0.551949,1.015779,1.825027,4.129499
high_noise,deadline_threshold,nominal,280,0.907143,0.033996,0.875,0.060714,0.027972,0.0,0.0,0.092857,0.033996,0.0,0.0,0.0,0.220385,0.156812,0.279622,0.050331
high_noise,deadline_threshold,occluded_rim,280,0.478571,0.058512,0.467857,0.521429,0.058512,0.521429,0.058512,0.164286,0.043402,0.357143,0.056125,0.05,0.789514,1.870684,1.600481,4.18077
high_noise,deadline_threshold,slippery,280,0.642857,0.056125,0.621429,0.357143,0.056125,0.357143,0.056125,0.042857,0.023723,0.310714,0.054207,0.053571,0.57426,1.003366,1.439544,2.667743
high_noise,deadline_threshold,thin_lip,280,0.696429,0.053857,0.678571,0.303571,0.053857,0.303571,0.053857,0.021429,0.016962,0.282143,0.052715,0.064286,0.546178,0.954562,1.511053,3.026099
high_noise,fixed_nominal,compliant_skin,280,0.0,0.0,0.014286,1.0,0.0,1.0,0.0,0.0,0.0,0.857143,0.040988,0.0,1.417556,3.65516,1.647422,3.696537
high_noise,fixed_nominal,fragile,280,0.0,0.0,0.007143,1.0,0.0,1.0,0.0,0.0,0.0,0.857143,0.040988,0.0,1.599432,4.087897,1.835168,4.130326
high_noise,fixed_nominal,nominal,280,1.0,0.0,0.946429,0.0,0.0,0.0,0.0,0.0,0.0,0.0,0.0,0.0,0.169609,0.03053,0.226463,0.040761
high_noise,fixed_nominal,occluded_rim,280,0.0,0.0,0.007143,1.0,0.0,1.0,0.0,0.0,0.0,0.857143,0.040988,0.0,1.364891,3.24568,1.586832,3.28563
high_noise,fixed_nominal,slippery,280,0.0,0.0,0.014286,1.0,0.0,1.0,0.0,0.0,0.0,0.857143,0.040988,0.0,1.223203,2.620177,1.466758,2.664017
high_noise,fixed_nominal,thin_lip,280,0.0,0.0,0.007143,1.0,0.0,1.0,0.0,0.0,0.0,0.857143,0.040988,0.0,1.305357,2.984964,1.522053,3.023966
high_noise,oracle_precontact,compliant_skin,280,1.0,0.0,0.957143,0.0,0.0,0.0,0.0,0.0,0.0,0.0,0.0,0.0,0.1711,0.030798,0.231968,0.041755
high_noise,oracle_precontact,fragile,280,1.0,0.0,0.953571,0.0,0.0,0.0,0.0,0.0,0.0,0.0,0.0,0.0,0.171224,0.03082,0.227926,0.041026
high_noise,oracle_precontact,nominal,280,1.0,0.0,0.960714,0.0,0.0,0.0,0.0,0.0,0.0,0.0,0.0,0.0,0.170706,0.030727,0.232952,0.041935
high_noise,oracle_precontact,occluded_rim,280,1.0,0.0,0.95,0.0,0.0,0.0,0.0,0.0,0.0,0.0,0.0,0.0,0.172971,0.031135,0.232301,0.041819
high_noise,oracle_precontact,slippery,280,1.0,0.0,0.967857,0.0,0.0,0.0,0.0,0.0,0.0,0.0,0.0,0.0,0.171233,0.030822,0.228298,0.041092
high_noise,oracle_precontact,thin_lip,280,1.0,0.0,0.960714,0.0,0.0,0.0,0.0,0.0,0.0,0.0,0.0,0.0,0.171022,0.030784,0.234809,0.042266
high_noise,posterior_fixed,compliant_skin,280,0.575,0.057904,0.560714,0.425,0.057904,0.425,0.057904,0.007143,0.009864,0.428571,0.057966,0.217857,0.745602,1.586351,1.66518,3.701114
high_noise,posterior_fixed,fragile,280,0.582143,0.05777,0.571429,0.417857,0.05777,0.417857,0.05777,0.007143,0.009864,0.432143,0.058024,0.239286,0.812466,1.741244,1.828966,4.129541
high_noise,posterior_fixed,nominal,280,0.967857,0.02066,0.921429,0.021429,0.016962,0.0,0.0,0.032143,0.02066,0.032143,0.02066,0.0,0.185354,0.074078,0.231613,0.041688
high_noise,posterior_fixed,occluded_rim,280,0.514286,0.058542,0.510714,0.485714,0.058542,0.485714,0.058542,0.060714,0.027972,0.45,0.058273,0.085714,0.782639,1.658732,1.597818,3.301799
high_noise,posterior_fixed,slippery,280,0.657143,0.055599,0.628571,0.342857,0.055599,0.342857,0.055599,0.010714,0.012059,0.357143,0.056125,0.071429,0.569551,0.93609,1.433134,2.66162
high_noise,posterior_fixed,thin_lip,280,0.664286,0.055315,0.635714,0.335714,0.055315,0.335714,0.055315,0.010714,0.012059,0.335714,0.055315,0.1,0.587121,1.03961,1.506786,3.023791
high_noise,posterior_tuned,compliant_skin,280,0.667857,0.055167,0.660714,0.332143,0.055167,0.332143,0.055167,0.035714,0.021737,0.303571,0.053857,0.117857,0.617294,1.276113,1.637568,3.701821
high_noise,posterior_tuned,fragile,280,0.664286,0.055315,0.642857,0.335714,0.055315,0.335714,0.055315,0.010714,0.012059,0.335714,0.055315,0.157143,0.689256,1.410495,1.819237,4.128898
high_noise,posterior_tuned,nominal,280,0.871429,0.039207,0.871429,0.110714,0.036754,0.0,0.0,0.128571,0.039207,0.107143,0.036228,0.0,0.240031,0.216063,0.671988,1.520954
high_noise,posterior_tuned,occluded_rim,280,0.489286,0.058553,0.464286,0.510714,0.058553,0.510714,0.058553,0.175,0.044506,0.342857,0.055599,0.032143,0.77888,1.847341,1.592828,4.187868
high_noise,posterior_tuned,slippery,280,0.685714,0.054376,0.657143,0.314286,0.054376,0.314286,0.054376,0.032143,0.02066,0.307143,0.054034,0.032143,0.529662,0.881767,1.418039,2.661563
high_noise,posterior_tuned,thin_lip,280,0.732143,0.051871,0.717857,0.267857,0.051871,0.267857,0.051871,0.042857,0.023723,0.232143,0.049453,0.021429,0.499547,0.869383,1.506151,3.030908
high_noise,risk_guard,compliant_skin,280,0.746429,0.050959,0.728571,0.253571,0.050959,0.253571,0.050959,0.046429,0.024646,0.207143,0.047469,0.010714,0.514109,1.001111,1.655132,3.70557
high_noise,risk_guard,fragile,280,0.775,0.048912,0.757143,0.225,0.048912,0.225,0.048912,0.060714,0.027972,0.164286,0.043402,0.003571,0.502756,1.00621,1.813567,4.144364
high_noise,risk_guard,nominal,280,0.653571,0.055735,0.671429,0.257143,0.051194,0.0,0.0,0.346429,0.055735,0.0,0.0,0.0,0.366803,0.51531,0.795706,1.543222
high_noise,risk_guard,occluded_rim,280,0.371429,0.056597,0.367857,0.628571,0.056597,0.628571,0.056597,0.367857,0.056484,0.260714,0.051424,0.0,0.851618,2.406863,1.571322,4.20582
high_noise,risk_guard,slippery,280,0.589286,0.057625,0.578571,0.410714,0.057625,0.410714,0.057625,0.182143,0.045209,0.228571,0.049185,0.0,0.594302,1.274832,1.417145,3.573516
high_noise,risk_guard,thin_lip,280,0.660714,0.055458,0.625,0.339286,0.055458,0.339286,0.055458,0.142857,0.040988,0.196429,0.046536,0.0,0.55179,1.175214,1.522066,3.921862
high_noise,v2_guard,compliant_skin,280,0.567857,0.058024,0.553571,0.432143,0.058024,0.432143,0.058024,0.017857,0.015512,0.410714,0.057625,0.217857,0.756748,1.623358,1.661404,3.702777
high_noise,v2_guard,fragile,280,0.578571,0.057839,0.575,0.421429,0.057839,0.421429,0.057839,0.007143,0.009864,0.414286,0.057699,0.242857,0.811295,1.754605,1.828009,4.129677
high_noise,v2_guard,nominal,280,0.960714,0.022756,0.939286,0.039286,0.022756,0.0,0.0,0.039286,0.022756,0.0,0.0,0.0,0.194105,0.089939,0.241212,0.043422
high_noise,v2_guard,occluded_rim,280,0.457143,0.058351,0.439286,0.542857,0.058351,0.542857,0.058351,0.082143,0.032162,0.460714,0.058385,0.125,0.842065,1.862286,1.588069,3.310762
high_noise,v2_guard,slippery,280,0.614286,0.057016,0.596429,0.385714,0.057016,0.385714,0.057016,0.010714,0.012059,0.375,0.056706,0.107143,0.617835,1.047639,1.445606,2.66147
high_noise,v2_guard,thin_lip,280,0.642857,0.056125,0.639286,0.357143,0.056125,0.357143,0.056125,0.010714,0.012059,0.342857,0.055599,0.117857,0.615001,1.103557,1.540253,3.028214
late_cue,calibrated_deadline_guard,compliant_skin,280,0.357143,0.056125,0.360714,0.642857,0.056125,0.642857,0.056125,0.007143,0.009864,0.635714,0.056368,0.039286,1.019319,2.376335,1.644205,3.696683
late_cue,calibrated_deadline_guard,fragile,280,0.378571,0.056813,0.360714,0.621429,0.056813,0.621429,0.056813,0.0,0.0,0.621429,0.056813,0.035714,1.098248,2.559113,1.815729,4.126835
late_cue,calibrated_deadline_guard,nominal,280,0.95,0.025528,0.917857,0.032143,0.02066,0.0,0.0,0.05,0.025528,0.0,0.0,0.0,0.199357,0.098742,0.244451,0.044005
late_cue,calibrated_deadline_guard,occluded_rim,280,0.264286,0.05165,0.253571,0.735714,0.05165,0.735714,0.05165,0.042857,0.023723,0.689286,0.054207,0.021429,1.070113,2.44262,1.574915,3.29008
late_cue,calibrated_deadline_guard,slippery,280,0.35,0.055869,0.346429,0.65,0.055869,0.65,0.055869,0.0,0.0,0.65,0.055869,0.025,0.897472,1.721545,1.464289,2.663575
late_cue,calibrated_deadline_guard,thin_lip,280,0.278571,0.05251,0.285714,0.721429,0.05251,0.721429,0.05251,0.014286,0.0139,0.707143,0.053304,0.042857,1.013235,2.180596,1.536019,3.02793
late_cue,contact_reactive,compliant_skin,280,0.142857,0.040988,0.242857,0.857143,0.040988,0.857143,0.040988,0.0,0.0,0.857143,0.040988,0.0,1.261479,3.141352,1.647357,3.696523
late_cue,contact_reactive,fragile,280,0.142857,0.040988,0.228571,0.857143,0.040988,0.857143,0.040988,0.0,0.0,0.857143,0.040988,0.0,1.403767,3.509821,1.816848,4.127033
late_cue,contact_reactive,nominal,280,1.0,0.0,0.964286,0.0,0.0,0.0,0.0,0.0,0.0,0.0,0.0,0.0,0.172391,0.031031,0.229585,0.04133
late_cue,contact_reactive,occluded_rim,280,0.142857,0.040988,0.3,0.857143,0.040988,0.857143,0.040988,0.0,0.0,0.857143,0.040988,0.0,1.205022,2.788332,1.58374,3.285069
late_cue,contact_reactive,slippery,280,0.142857,0.040988,0.35,0.857143,0.040988,0.857143,0.040988,0.0,0.0,0.857143,0.040988,0.0,1.081384,2.251792,1.454507,2.661811
late_cue,contact_reactive,thin_lip,280,0.142857,0.040988,0.25,0.857143,0.040988,0.857143,0.040988,0.0,0.0,0.857143,0.040988,0.0,1.158888,2.565742,1.531165,3.025614
late_cue,deadline_threshold,compliant_skin,280,0.364286,0.056368,0.353571,0.635714,0.056368,0.635714,0.056368,0.010714,0.012059,0.625,0.056706,0.035714,1.010468,2.354027,1.669896,3.701553
late_cue,deadline_threshold,fragile,280,0.385714,0.057016,0.375,0.614286,0.057016,0.614286,0.057016,0.0,0.0,0.614286,0.057016,0.032143,1.087494,2.530035,1.819479,4.127505
late_cue,deadline_threshold,nominal,280,0.939286,0.027972,0.921429,0.028571,0.019514,0.0,0.0,0.060714,0.027972,0.0,0.0,0.0,0.201502,0.108413,0.255154,0.045931
late_cue,deadline_threshold,occluded_rim,280,0.267857,0.051871,0.260714,0.732143,0.051871,0.732143,0.051871,0.060714,0.027972,0.667857,0.055167,0.017857,1.06007,2.447956,1.573575,3.297941
late_cue,deadline_threshold,slippery,280,0.357143,0.056125,0.35,0.642857,0.056125,0.642857,0.056125,0.003571,0.006987,0.639286,0.056248,0.042857,0.893153,1.707196,1.472605,2.665691
late_cue,deadline_threshold,thin_lip,280,0.278571,0.05251,0.285714,0.721429,0.05251,0.721429,0.05251,0.017857,0.015512,0.703571,0.053492,0.064286,1.012364,2.184011,1.521107,3.028707
late_cue,fixed_nominal,compliant_skin,280,0.0,0.0,0.007143,1.0,0.0,1.0,0.0,0.0,0.0,0.857143,0.040988,0.0,1.429884,3.657379,1.673411,3.701217
late_cue,fixed_nominal,fragile,280,0.0,0.0,0.003571,1.0,0.0,1.0,0.0,0.0,0.0,0.857143,0.040988,0.0,1.599179,4.087852,1.839061,4.131035
late_cue,fixed_nominal,nominal,280,1.0,0.0,0.964286,0.0,0.0,0.0,0.0,0.0,0.0,0.0,0.0,0.0,0.17066,0.030719,0.225749,0.040632
late_cue,fixed_nominal,occluded_rim,280,0.0,0.0,0.014286,1.0,0.0,1.0,0.0,0.0,0.0,0.857143,0.040988,0.0,1.356663,3.244199,1.592014,3.286565
late_cue,fixed_nominal,slippery,280,0.0,0.0,0.014286,1.0,0.0,1.0,0.0,0.0,0.0,0.857143,0.040988,0.0,1.217738,2.619193,1.443492,2.659824
late_cue,fixed_nominal,thin_lip,280,0.0,0.0,0.007143,1.0,0.0,1.0,0.0,0.0,0.0,0.857143,0.040988,0.0,1.300258,2.984047,1.527145,3.024889
late_cue,oracle_precontact,compliant_skin,280,1.0,0.0,0.975,0.0,0.0,0.0,0.0,0.0,0.0,0.0,0.0,0.0,0.170107,0.030619,0.232748,0.041893
late_cue,oracle_precontact,fragile,280,1.0,0.0,0.978571,0.0,0.0,0.0,0.0,0.0,0.0,0.0,0.0,0.0,0.171074,0.030793,0.229662,0.04134
late_cue,oracle_precontact,nominal,280,1.0,0.0,0.971429,0.0,0.0,0.0,0.0,0.0,0.0,0.0,0.0,0.0,0.172668,0.03108,0.237666,0.042782
late_cue,oracle_precontact,occluded_rim,280,1.0,0.0,0.95,0.0,0.0,0.0,0.0,0.0,0.0,0.0,0.0,0.0,0.169409,0.030493,0.226597,0.040791
late_cue,oracle_precontact,slippery,280,1.0,0.0,0.982143,0.0,0.0,0.0,0.0,0.0,0.0,0.0,0.0,0.0,0.170739,0.030733,0.228108,0.041055
late_cue,oracle_precontact,thin_lip,280,1.0,0.0,0.946429,0.0,0.0,0.0,0.0,0.0,0.0,0.0,0.0,0.0,0.172116,0.030981,0.226646,0.0408
late_cue,posterior_fixed,compliant_skin,280,0.325,0.054862,0.314286,0.675,0.054862,0.675,0.054862,0.003571,0.006987,0.714286,0.052915,0.1,1.058205,2.489048,1.672802,3.701807
late_cue,posterior_fixed,fragile,280,0.328571,0.055016,0.325,0.671429,0.055016,0.671429,0.055016,0.0,0.0,0.710714,0.053111,0.096429,1.171698,2.762334,1.829812,4.129362
late_cue,posterior_fixed,nominal,280,0.975,0.018287,0.946429,0.021429,0.016962,0.0,0.0,0.025,0.018287,0.025,0.018287,0.0,0.187719,0.067361,0.235553,0.042396
late_cue,posterior_fixed,occluded_rim,280,0.278571,0.05251,0.278571,0.721429,0.05251,0.721429,0.05251,0.014286,0.0139,0.732143,0.051871,0.053571,1.063199,2.369947,1.592459,3.290542
late_cue,posterior_fixed,slippery,280,0.382143,0.056916,0.396429,0.617857,0.056916,0.617857,0.056916,0.0,0.0,0.660714,0.055458,0.042857,0.858591,1.637403,1.451602,2.66129
late_cue,posterior_fixed,thin_lip,280,0.289286,0.053111,0.292857,0.710714,0.053111,0.710714,0.053111,0.007143,0.009864,0.735714,0.05165,0.067857,1.002088,2.141983,1.521501,3.024826
late_cue,posterior_tuned,compliant_skin,280,0.35,0.055869,0.332143,0.65,0.055869,0.65,0.055869,0.014286,0.0139,0.685714,0.054376,0.075,1.023249,2.40847,1.652648,3.698343
late_cue,posterior_tuned,fragile,280,0.371429,0.056597,0.367857,0.628571,0.056597,0.628571,0.056597,0.007143,0.009864,0.667857,0.055167,0.067857,1.111193,2.595729,1.825195,4.130677
late_cue,posterior_tuned,nominal,280,0.942857,0.027188,0.910714,0.039286,0.022756,0.0,0.0,0.057143,0.027188,0.092857,0.033996,0.0,0.200653,0.108975,0.250751,0.045135
late_cue,posterior_tuned,occluded_rim,280,0.307143,0.054034,0.3,0.692857,0.054034,0.692857,0.054034,0.05,0.025528,0.682143,0.054542,0.010714,1.017749,2.311766,1.585152,3.298047
late_cue,posterior_tuned,slippery,280,0.417857,0.05777,0.4,0.582143,0.05777,0.582143,0.05777,0.003571,0.006987,0.628571,0.056597,0.017857,0.81718,1.547807,1.429455,2.658385
late_cue,posterior_tuned,thin_lip,280,0.335714,0.055315,0.317857,0.664286,0.055315,0.664286,0.055315,0.017857,0.015512,0.692857,0.054034,0.035714,0.954232,2.016405,1.528631,3.030029
late_cue,risk_guard,compliant_skin,280,0.375,0.056706,0.371429,0.625,0.056706,0.625,0.056706,0.046429,0.024646,0.578571,0.057839,0.003571,0.989352,2.349512,1.677555,3.709276
late_cue,risk_guard,fragile,280,0.414286,0.057699,0.417857,0.585714,0.057699,0.585714,0.057699,0.007143,0.009864,0.578571,0.057839,0.0,1.052153,2.422245,1.830564,4.130677
late_cue,risk_guard,nominal,280,0.867857,0.039666,0.860714,0.071429,0.030166,0.0,0.0,0.132143,0.039666,0.0,0.0,0.0,0.240164,0.203944,0.586885,1.105635
late_cue,risk_guard,occluded_rim,280,0.239286,0.049974,0.232143,0.760714,0.049974,0.760714,0.049974,0.132143,0.039666,0.628571,0.056597,0.0,1.073737,2.607559,1.601393,4.166875
late_cue,risk_guard,slippery,280,0.378571,0.056813,0.371429,0.621429,0.056813,0.621429,0.056813,0.017857,0.015512,0.603571,0.057296,0.007143,0.862274,1.664495,1.463861,2.665846
late_cue,risk_guard,thin_lip,280,0.307143,0.054034,0.285714,0.692857,0.054034,0.692857,0.054034,0.057143,0.027188,0.635714,0.056368,0.003571,0.977587,2.138466,1.526607,3.039945
late_cue,v2_guard,compliant_skin,280,0.228571,0.049185,0.242857,0.771429,0.049185,0.771429,0.049185,0.003571,0.006987,0.757143,0.050227,0.171429,1.169572,2.836952,1.676568,3.701845
late_cue,v2_guard,fragile,280,0.239286,0.049974,0.235714,0.760714,0.049974,0.760714,0.049974,0.0,0.0,0.753571,0.050476,0.171429,1.289433,3.122812,1.84559,4.132207
late_cue,v2_guard,nominal,280,0.989286,0.012059,0.95,0.003571,0.006987,0.0,0.0,0.010714,0.012059,0.0,0.0,0.0,0.176364,0.043888,0.23039,0.04147
late_cue,v2_guard,occluded_rim,280,0.185714,0.04555,0.189286,0.814286,0.04555,0.814286,0.04555,0.010714,0.012059,0.771429,0.049185,0.107143,1.159371,2.662258,1.591841,3.28836
late_cue,v2_guard,slippery,280,0.267857,0.051871,0.264286,0.732143,0.051871,0.732143,0.051871,0.0,0.0,0.732143,0.051871,0.132143,0.970374,1.93181,1.437211,2.6587
late_cue,v2_guard,thin_lip,280,0.217857,0.048351,0.221429,0.782143,0.048351,0.782143,0.048351,0.0,0.0,0.771429,0.049185,0.121429,1.078944,2.345103,1.538801,3.026981
normal,calibrated_deadline_guard,compliant_skin,280,0.825,0.044506,0.807143,0.175,0.044506,0.175,0.044506,0.017857,0.015512,0.157143,0.042629,0.035714,0.418394,0.688168,1.621575,3.701244
normal,calibrated_deadline_guard,fragile,280,0.85,0.041825,0.817857,0.15,0.041825,0.15,0.041825,0.0,0.0,0.15,0.041825,0.025,0.412787,0.644302,1.758527,4.116538
normal,calibrated_deadline_guard,nominal,280,0.896429,0.035691,0.871429,0.082143,0.032162,0.0,0.0,0.103571,0.035691,0.0,0.0,0.0,0.231978,0.178185,0.496847,1.089436
normal,calibrated_deadline_guard,occluded_rim,280,0.685714,0.054376,0.675,0.314286,0.054376,0.314286,0.054376,0.089286,0.033401,0.225,0.048912,0.032143,0.558775,1.132722,1.553542,3.315439
normal,calibrated_deadline_guard,slippery,280,0.785714,0.048062,0.775,0.214286,0.048062,0.214286,0.048062,0.017857,0.015512,0.196429,0.046536,0.017857,0.422854,0.608256,1.418282,2.659923
normal,calibrated_deadline_guard,thin_lip,280,0.839286,0.043019,0.814286,0.160714,0.043019,0.160714,0.043019,0.010714,0.012059,0.15,0.041825,0.010714,0.381664,0.521378,1.489446,3.020059
normal,contact_reactive,compliant_skin,280,0.142857,0.040988,0.253571,0.857143,0.040988,0.857143,0.040988,0.0,0.0,0.857143,0.040988,0.0,1.266203,3.142202,1.659969,3.698794
normal,contact_reactive,fragile,280,0.142857,0.040988,0.225,0.857143,0.040988,0.857143,0.040988,0.0,0.0,0.857143,0.040988,0.0,1.410844,3.511095,1.822504,4.128051
normal,contact_reactive,nominal,280,1.0,0.0,0.957143,0.0,0.0,0.0,0.0,0.0,0.0,0.0,0.0,0.0,0.169726,0.030551,0.231909,0.041741
normal,contact_reactive,occluded_rim,280,0.142857,0.040988,0.253571,0.857143,0.040988,0.857143,0.040988,0.0,0.0,0.857143,0.040988,0.0,1.205654,2.788447,1.580204,3.28444
normal,contact_reactive,slippery,280,0.142857,0.040988,0.246429,0.857143,0.040988,0.857143,0.040988,0.0,0.0,0.857143,0.040988,0.0,1.084913,2.252427,1.441605,2.659484
normal,contact_reactive,thin_lip,280,0.142857,0.040988,0.257143,0.857143,0.040988,0.857143,0.040988,0.0,0.0,0.857143,0.040988,0.0,1.154995,2.565042,1.53465,3.02624
normal,deadline_threshold,compliant_skin,280,0.821429,0.044861,0.8,0.178571,0.044861,0.178571,0.044861,0.028571,0.019514,0.15,0.041825,0.032143,0.416977,0.71077,1.600438,3.696202
normal,deadline_threshold,fragile,280,0.846429,0.042231,0.832143,0.153571,0.042231,0.153571,0.042231,0.007143,0.009864,0.146429,0.04141,0.025,0.414637,0.665349,1.778154,4.12337
normal,deadline_threshold,nominal,280,0.864286,0.040116,0.85,0.128571,0.039207,0.0,0.0,0.135714,0.040116,0.0,0.0,0.0,0.255768,0.233181,0.716446,1.528963
normal,deadline_threshold,occluded_rim,280,0.671429,0.055016,0.646429,0.328571,0.055016,0.328571,0.055016,0.128571,0.039207,0.2,0.046853,0.017857,0.56176,1.215402,1.582095,4.173393
normal,deadline_threshold,slippery,280,0.782143,0.048351,0.764286,0.217857,0.048351,0.217857,0.048351,0.032143,0.02066,0.185714,0.04555,0.010714,0.423474,0.631225,1.442346,2.666001
normal,deadline_threshold,thin_lip,280,0.839286,0.043019,0.825,0.160714,0.043019,0.160714,0.043019,0.021429,0.016962,0.139286,0.040556,0.007143,0.377023,0.531256,1.496191,3.027657
normal,fixed_nominal,compliant_skin,280,0.0,0.0,0.003571,1.0,0.0,1.0,0.0,0.0,0.0,0.857143,0.040988,0.0,1.42672,3.65681,1.638804,3.694982
normal,fixed_nominal,fragile,280,0.0,0.0,0.014286,1.0,0.0,1.0,0.0,0.0,0.0,0.857143,0.040988,0.0,1.592238,4.086603,1.835142,4.130321
normal,fixed_nominal,nominal,280,1.0,0.0,0.967857,0.0,0.0,0.0,0.0,0.0,0.0,0.0,0.0,0.0,0.170358,0.030664,0.220745,0.039737
normal,fixed_nominal,occluded_rim,280,0.0,0.0,0.010714,1.0,0.0,1.0,0.0,0.0,0.0,0.857143,0.040988,0.0,1.36115,3.245007,1.600214,3.288039
normal,fixed_nominal,slippery,280,0.0,0.0,0.014286,1.0,0.0,1.0,0.0,0.0,0.0,0.857143,0.040988,0.0,1.219993,2.619599,1.445447,2.660178
normal,fixed_nominal,thin_lip,280,0.0,0.0,0.010714,1.0,0.0,1.0,0.0,0.0,0.0,0.857143,0.040988,0.0,1.299956,2.983992,1.518657,3.023356
normal,oracle_precontact,compliant_skin,280,1.0,0.0,0.942857,0.0,0.0,0.0,0.0,0.0,0.0,0.0,0.0,0.0,0.170463,0.030684,0.232765,0.0419
normal,oracle_precontact,fragile,280,1.0,0.0,0.978571,0.0,0.0,0.0,0.0,0.0,0.0,0.0,0.0,0.0,0.172531,0.031056,0.230699,0.041524
normal,oracle_precontact,nominal,280,1.0,0.0,0.946429,0.0,0.0,0.0,0.0,0.0,0.0,0.0,0.0,0.0,0.172079,0.030974,0.234138,0.042147
normal,oracle_precontact,occluded_rim,280,1.0,0.0,0.953571,0.0,0.0,0.0,0.0,0.0,0.0,0.0,0.0,0.0,0.167965,0.030234,0.22553,0.040598
normal,oracle_precontact,slippery,280,1.0,0.0,0.971429,0.0,0.0,0.0,0.0,0.0,0.0,0.0,0.0,0.0,0.169388,0.03049,0.227578,0.040966
normal,oracle_precontact,thin_lip,280,1.0,0.0,0.982143,0.0,0.0,0.0,0.0,0.0,0.0,0.0,0.0,0.0,0.172075,0.030974,0.225477,0.040584
normal,posterior_fixed,compliant_skin,280,0.782143,0.048351,0.760714,0.217857,0.048351,0.217857,0.048351,0.010714,0.012059,0.221429,0.048634,0.082143,0.480621,0.83794,1.634863,3.697338
normal,posterior_fixed,fragile,280,0.789286,0.047768,0.760714,0.210714,0.047768,0.210714,0.047768,0.0,0.0,0.210714,0.047768,0.089286,0.509158,0.892363,1.818301,4.127294
normal,posterior_fixed,nominal,280,0.939286,0.027972,0.917857,0.053571,0.026375,0.0,0.0,0.060714,0.027972,0.007143,0.009864,0.0,0.21113,0.120146,0.248736,0.044769
normal,posterior_fixed,occluded_rim,280,0.725,0.052301,0.685714,0.275,0.052301,0.275,0.052301,0.046429,0.024646,0.235714,0.049716,0.035714,0.520525,0.965123,1.548432,3.292796
normal,posterior_fixed,slippery,280,0.8,0.046853,0.775,0.2,0.046853,0.2,0.046853,0.007143,0.009864,0.207143,0.047469,0.021429,0.412729,0.561434,1.4095,2.655695
normal,posterior_fixed,thin_lip,280,0.85,0.041825,0.8,0.15,0.041825,0.15,0.041825,0.007143,0.009864,0.157143,0.042629,0.014286,0.368214,0.485921,1.465385,3.015749
normal,posterior_tuned,compliant_skin,280,0.785714,0.048062,0.75,0.214286,0.048062,0.214286,0.048062,0.028571,0.019514,0.2,0.046853,0.067857,0.46306,0.840494,1.594414,3.697638
normal,posterior_tuned,fragile,280,0.796429,0.047164,0.782143,0.203571,0.047164,0.203571,0.047164,0.007143,0.009864,0.2,0.046853,0.075,0.493414,0.869529,1.821289,4.129382
normal,posterior_tuned,nominal,280,0.9,0.03514,0.871429,0.078571,0.031517,0.0,0.0,0.1,0.03514,0.021429,0.016962,0.0,0.227695,0.172414,0.294714,0.153048
normal,posterior_tuned,occluded_rim,280,0.707143,0.053304,0.682143,0.292857,0.053304,0.292857,0.053304,0.082143,0.032162,0.217857,0.048351,0.025,0.534334,1.056895,1.572286,3.312931
normal,posterior_tuned,slippery,280,0.8,0.046853,0.764286,0.2,0.046853,0.2,0.046853,0.014286,0.0139,0.196429,0.046536,0.014286,0.410154,0.568113,1.414758,2.657659
normal,posterior_tuned,thin_lip,280,0.85,0.041825,0.828571,0.15,0.041825,0.15,0.041825,0.010714,0.012059,0.15,0.041825,0.010714,0.364441,0.488814,1.466424,3.017581
normal,risk_guard,compliant_skin,280,0.8,0.046853,0.785714,0.2,0.046853,0.2,0.046853,0.078571,0.031517,0.121429,0.038258,0.003571,0.424315,0.834948,1.563768,3.717564
normal,risk_guard,fragile,280,0.825,0.044506,0.821429,0.175,0.044506,0.175,0.044506,0.05,0.025528,0.125,0.038738,0.007143,0.432716,0.792889,1.775219,4.139076
normal,risk_guard,nominal,280,0.589286,0.057625,0.596429,0.328571,0.055016,0.0,0.0,0.410714,0.057625,0.0,0.0,0.0,0.411005,0.616124,0.819238,1.547464
normal,risk_guard,occluded_rim,280,0.514286,0.058542,0.5,0.485714,0.058542,0.485714,0.058542,0.325,0.054862,0.160714,0.043019,0.0,0.694795,1.907206,1.550662,4.209741
normal,risk_guard,slippery,280,0.632143,0.056484,0.617857,0.367857,0.056484,0.367857,0.056484,0.203571,0.047164,0.164286,0.043402,0.003571,0.538978,1.183445,1.433508,3.575701
normal,risk_guard,thin_lip,280,0.810714,0.045885,0.789286,0.189286,0.045885,0.189286,0.045885,0.057143,0.027188,0.132143,0.039666,0.0,0.397304,0.649194,1.498757,3.032838
normal,v2_guard,compliant_skin,280,0.757143,0.050227,0.742857,0.242857,0.050227,0.242857,0.050227,0.010714,0.012059,0.232143,0.049453,0.110714,0.513752,0.928904,1.6527,3.699179
normal,v2_guard,fragile,280,0.771429,0.049185,0.757143,0.228571,0.049185,0.228571,0.049185,0.0,0.0,0.228571,0.049185,0.107143,0.535516,0.964964,1.835132,4.130325
normal,v2_guard,nominal,280,0.960714,0.022756,0.917857,0.032143,0.02066,0.0,0.0,0.039286,0.022756,0.0,0.0,0.0,0.193388,0.086953,0.240207,0.043234
normal,v2_guard,occluded_rim,280,0.707143,0.053304,0.678571,0.292857,0.053304,0.292857,0.053304,0.025,0.018287,0.267857,0.051871,0.064286,0.553181,1.003144,1.566309,3.286604
normal,v2_guard,slippery,280,0.75,0.05072,0.725,0.25,0.05072,0.25,0.05072,0.007143,0.009864,0.242857,0.050227,0.067857,0.469437,0.691641,1.425509,2.657538
normal,v2_guard,thin_lip,280,0.832143,0.043777,0.814286,0.167857,0.043777,0.167857,0.043777,0.007143,0.009864,0.160714,0.043019,0.025,0.391723,0.53926,1.474682,3.019952
uninformative_until_contact,calibrated_deadline_guard,compliant_skin,280,0.0,0.0,0.010714,1.0,0.0,1.0,0.0,0.0,0.0,0.857143,0.040988,0.0,1.425829,3.656649,1.670827,3.700748
uninformative_until_contact,calibrated_deadline_guard,fragile,280,0.0,0.0,0.010714,1.0,0.0,1.0,0.0,0.0,0.0,0.857143,0.040988,0.0,1.600119,4.088021,1.830103,4.12942
uninformative_until_contact,calibrated_deadline_guard,nominal,280,1.0,0.0,0.95,0.0,0.0,0.0,0.0,0.0,0.0,0.0,0.0,0.0,0.169919,0.030586,0.228817,0.041185
uninformative_until_contact,calibrated_deadline_guard,occluded_rim,280,0.0,0.0,0.021429,1.0,0.0,1.0,0.0,0.0,0.0,0.857143,0.040988,0.0,1.360675,3.244921,1.600533,3.288093
uninformative_until_contact,calibrated_deadline_guard,slippery,280,0.0,0.0,0.017857,1.0,0.0,1.0,0.0,0.0,0.0,0.857143,0.040988,0.0,1.225647,2.620617,1.44397,2.659916
uninformative_until_contact,calibrated_deadline_guard,thin_lip,280,0.0,0.0,0.003571,1.0,0.0,1.0,0.0,0.0,0.0,0.857143,0.040988,0.0,1.298788,2.983782,1.535953,3.026469
uninformative_until_contact,contact_reactive,compliant_skin,280,0.142857,0.040988,0.246429,0.857143,0.040988,0.857143,0.040988,0.0,0.0,0.857143,0.040988,0.0,1.263029,3.141631,1.67227,3.70101
uninformative_until_contact,contact_reactive,fragile,280,0.142857,0.040988,0.25,0.857143,0.040988,0.857143,0.040988,0.0,0.0,0.857143,0.040988,0.0,1.407912,3.510567,1.826862,4.128837
uninformative_until_contact,contact_reactive,nominal,280,1.0,0.0,0.964286,0.0,0.0,0.0,0.0,0.0,0.0,0.0,0.0,0.0,0.170674,0.030721,0.234102,0.042142
uninformative_until_contact,contact_reactive,occluded_rim,280,0.142857,0.040988,0.235714,0.857143,0.040988,0.857143,0.040988,0.0,0.0,0.857143,0.040988,0.0,1.206419,2.788584,1.593075,3.286758
uninformative_until_contact,contact_reactive,slippery,280,0.142857,0.040988,0.260714,0.857143,0.040988,0.857143,0.040988,0.0,0.0,0.857143,0.040988,0.0,1.081672,2.251844,1.43611,2.6585
uninformative_until_contact,contact_reactive,thin_lip,280,0.142857,0.040988,0.285714,0.857143,0.040988,0.857143,0.040988,0.0,0.0,0.857143,0.040988,0.0,1.154258,2.564909,1.54495,3.028088
uninformative_until_contact,deadline_threshold,compliant_skin,280,0.0,0.0,0.017857,1.0,0.0,1.0,0.0,0.0,0.0,0.857143,0.040988,0.0,1.431162,3.657609,1.648108,3.696662
uninformative_until_contact,deadline_threshold,fragile,280,0.0,0.0,0.010714,1.0,0.0,1.0,0.0,0.0,0.0,0.857143,0.040988,0.0,1.591982,4.086557,1.819653,4.127538
uninformative_until_contact,deadline_threshold,nominal,280,1.0,0.0,0.964286,0.0,0.0,0.0,0.0,0.0,0.0,0.0,0.0,0.0,0.169179,0.030452,0.229627,0.041336
uninformative_until_contact,deadline_threshold,occluded_rim,280,0.0,0.0,0.003571,1.0,0.0,1.0,0.0,0.0,0.0,0.857143,0.040988,0.0,1.354653,3.243837,1.565586,3.281806
uninformative_until_contact,deadline_threshold,slippery,280,0.0,0.0,0.017857,1.0,0.0,1.0,0.0,0.0,0.0,0.857143,0.040988,0.0,1.218219,2.619279,1.435576,2.658401
uninformative_until_contact,deadline_threshold,thin_lip,280,0.0,0.0,0.003571,1.0,0.0,1.0,0.0,0.0,0.0,0.857143,0.040988,0.0,1.295889,2.98326,1.528265,3.025089
uninformative_until_contact,fixed_nominal,compliant_skin,280,0.0,0.0,0.021429,1.0,0.0,1.0,0.0,0.0,0.0,0.857143,0.040988,0.0,1.433052,3.657949,1.671303,3.700832
uninformative_until_contact,fixed_nominal,fragile,280,0.0,0.0,0.017857,1.0,0.0,1.0,0.0,0.0,0.0,0.857143,0.040988,0.0,1.600127,4.088023,1.822148,4.127989
uninformative_until_contact,fixed_nominal,nominal,280,1.0,0.0,0.953571,0.0,0.0,0.0,0.0,0.0,0.0,0.0,0.0,0.0,0.173685,0.031263,0.232137,0.041782
uninformative_until_contact,fixed_nominal,occluded_rim,280,0.0,0.0,0.003571,1.0,0.0,1.0,0.0,0.0,0.0,0.857143,0.040988,0.0,1.370463,3.246683,1.589265,3.286064
uninformative_until_contact,fixed_nominal,slippery,280,0.0,0.0,0.003571,1.0,0.0,1.0,0.0,0.0,0.0,0.857143,0.040988,0.0,1.217345,2.619122,1.449747,2.660951
uninformative_until_contact,fixed_nominal,thin_lip,280,0.0,0.0,0.010714,1.0,0.0,1.0,0.0,0.0,0.0,0.857143,0.040988,0.0,1.305437,2.984979,1.532036,3.025767
uninformative_until_contact,oracle_precontact,compliant_skin,280,1.0,0.0,0.971429,0.0,0.0,0.0,0.0,0.0,0.0,0.0,0.0,0.0,0.170501,0.03069,0.234579,0.042224
uninformative_until_contact,oracle_precontact,fragile,280,1.0,0.0,0.978571,0.0,0.0,0.0,0.0,0.0,0.0,0.0,0.0,0.0,0.168645,0.030356,0.227243,0.040901
uninformative_until_contact,oracle_precontact,nominal,280,1.0,0.0,0.960714,0.0,0.0,0.0,0.0,0.0,0.0,0.0,0.0,0.0,0.170497,0.030689,0.226642,0.040792
uninformative_until_contact,oracle_precontact,occluded_rim,280,1.0,0.0,0.953571,0.0,0.0,0.0,0.0,0.0,0.0,0.0,0.0,0.0,0.170388,0.03067,0.228419,0.041112
uninformative_until_contact,oracle_precontact,slippery,280,1.0,0.0,0.971429,0.0,0.0,0.0,0.0,0.0,0.0,0.0,0.0,0.0,0.167816,0.030207,0.226106,0.040695
uninformative_until_contact,oracle_precontact,thin_lip,280,1.0,0.0,0.982143,0.0,0.0,0.0,0.0,0.0,0.0,0.0,0.0,0.0,0.170068,0.030612,0.221185,0.039812
uninformative_until_contact,posterior_fixed,compliant_skin,280,0.132143,0.039666,0.142857,0.867857,0.039666,0.867857,0.039666,0.0,0.0,0.989286,0.012059,0.0,1.276398,3.180466,1.652281,3.697407
uninformative_until_contact,posterior_fixed,fragile,280,0.121429,0.038258,0.117857,0.878571,0.038258,0.878571,0.038258,0.0,0.0,0.978571,0.016962,0.0,1.443113,3.598332,1.830496,4.12949
uninformative_until_contact,posterior_fixed,nominal,280,1.0,0.0,0.978571,0.0,0.0,0.0,0.0,0.0,0.0,0.010714,0.012059,0.0,0.170467,0.030684,0.231703,0.041704
uninformative_until_contact,posterior_fixed,occluded_rim,280,0.125,0.038738,0.128571,0.875,0.038738,0.875,0.038738,0.003571,0.006987,0.985714,0.0139,0.0,1.226577,2.849355,1.581165,3.285207
uninformative_until_contact,posterior_fixed,slippery,280,0.139286,0.040556,0.153571,0.860714,0.040556,0.860714,0.040556,0.0,0.0,0.996429,0.006987,0.0,1.096068,2.263007,1.459139,2.662646
uninformative_until_contact,posterior_fixed,thin_lip,280,0.114286,0.037267,0.117857,0.885714,0.037267,0.885714,0.037267,0.0,0.0,0.971429,0.019514,0.0,1.186325,2.649253,1.544213,3.027959
uninformative_until_contact,posterior_tuned,compliant_skin,280,0.139286,0.040556,0.153571,0.860714,0.040556,0.860714,0.040556,0.0,0.0,0.996429,0.006987,0.0,1.268728,3.1548,1.656626,3.698194
uninformative_until_contact,posterior_tuned,fragile,280,0.142857,0.040988,0.15,0.857143,0.040988,0.857143,0.040988,0.0,0.0,1.0,0.0,0.0,1.403906,3.509846,1.829411,4.129295
uninformative_until_contact,posterior_tuned,nominal,280,1.0,0.0,0.95,0.0,0.0,0.0,0.0,0.0,0.0,0.028571,0.019514,0.0,0.171026,0.030785,0.232791,0.041903
uninformative_until_contact,posterior_tuned,occluded_rim,280,0.135714,0.040116,0.139286,0.864286,0.040116,0.864286,0.040116,0.007143,0.009864,1.0,0.0,0.0,1.20471,2.816848,1.59083,3.286662
uninformative_until_contact,posterior_tuned,slippery,280,0.142857,0.040988,0.142857,0.857143,0.040988,0.857143,0.040988,0.0,0.0,1.0,0.0,0.0,1.081349,2.251786,1.430957,2.65757
uninformative_until_contact,posterior_tuned,thin_lip,280,0.139286,0.040556,0.157143,0.860714,0.040556,0.860714,0.040556,0.0,0.0,0.996429,0.006987,0.0,1.160385,2.575834,1.538278,3.026892
uninformative_until_contact,risk_guard,compliant_skin,280,0.0,0.0,0.014286,1.0,0.0,1.0,0.0,0.0,0.0,0.857143,0.040988,0.0,1.420007,3.655601,1.654227,3.697763
uninformative_until_contact,risk_guard,fragile,280,0.0,0.0,0.021429,1.0,0.0,1.0,0.0,0.0,0.0,0.857143,0.040988,0.0,1.596876,4.087438,1.821856,4.127933
uninformative_until_contact,risk_guard,nominal,280,1.0,0.0,0.964286,0.0,0.0,0.0,0.0,0.0,0.0,0.0,0.0,0.0,0.171941,0.030949,0.23129,0.041634
uninformative_until_contact,risk_guard,occluded_rim,280,0.0,0.0,0.007143,1.0,0.0,1.0,0.0,0.0,0.0,0.857143,0.040988,0.0,1.352883,3.243519,1.58339,3.285011
uninformative_until_contact,risk_guard,slippery,280,0.0,0.0,0.014286,1.0,0.0,1.0,0.0,0.0,0.0,0.857143,0.040988,0.0,1.219273,2.619469,1.441202,2.659416
uninformative_until_contact,risk_guard,thin_lip,280,0.0,0.0,0.007143,1.0,0.0,1.0,0.0,0.0,0.0,0.857143,0.040988,0.0,1.303708,2.984668,1.524353,3.024385
uninformative_until_contact,v2_guard,compliant_skin,280,0.0,0.0,0.007143,1.0,0.0,1.0,0.0,0.0,0.0,0.857143,0.040988,0.0,1.431748,3.657715,1.671767,3.70092
uninformative_until_contact,v2_guard,fragile,280,0.0,0.0,0.010714,1.0,0.0,1.0,0.0,0.0,0.0,0.857143,0.040988,0.0,1.602812,4.088506,1.828769,4.129176
uninformative_until_contact,v2_guard,nominal,280,1.0,0.0,0.95,0.0,0.0,0.0,0.0,0.0,0.0,0.0,0.0,0.0,0.171148,0.030807,0.226384,0.040751
uninformative_until_contact,v2_guard,occluded_rim,280,0.0,0.0,0.017857,1.0,0.0,1.0,0.0,0.0,0.0,0.857143,0.040988,0.0,1.360665,3.244919,1.613873,3.290497
uninformative_until_contact,v2_guard,slippery,280,0.0,0.0,0.010714,1.0,0.0,1.0,0.0,0.0,0.0,0.857143,0.040988,0.0,1.220913,2.619764,1.453017,2.661545
uninformative_until_contact,v2_guard,thin_lip,280,0.0,0.0,0.017857,1.0,0.0,1.0,0.0,0.0,0.0,0.857143,0.040988,0.0,1.29654,2.983377,1.513646,3.022453
weak_cue,calibrated_deadline_guard,compliant_skin,280,0.482143,0.058529,0.467857,0.517857,0.058529,0.517857,0.058529,0.010714,0.012059,0.5,0.058566,0.096429,0.859024,1.926053,1.652148,3.698792
weak_cue,calibrated_deadline_guard,fragile,280,0.510714,0.058553,0.492857,0.489286,0.058553,0.489286,0.058553,0.003571,0.006987,0.478571,0.058512,0.1,0.915624,2.02767,1.837414,4.131074
weak_cue,calibrated_deadline_guard,nominal,280,0.95,0.025528,0.917857,0.032143,0.02066,0.0,0.0,0.05,0.025528,0.0,0.0,0.0,0.197051,0.098326,0.241766,0.043522
weak_cue,calibrated_deadline_guard,occluded_rim,280,0.192857,0.046214,0.192857,0.807143,0.046214,0.807143,0.046214,0.046429,0.024646,0.710714,0.053111,0.085714,1.137384,2.672586,1.576904,3.30029
weak_cue,calibrated_deadline_guard,slippery,280,0.396429,0.057296,0.378571,0.603571,0.057296,0.603571,0.057296,0.014286,0.0139,0.578571,0.057839,0.089286,0.835205,1.613194,1.43279,2.659084
weak_cue,calibrated_deadline_guard,thin_lip,280,0.35,0.055869,0.342857,0.65,0.055869,0.65,0.055869,0.021429,0.016962,0.6,0.057383,0.1,0.934037,1.977056,1.519887,3.025057
weak_cue,contact_reactive,compliant_skin,280,0.142857,0.040988,0.25,0.857143,0.040988,0.857143,0.040988,0.0,0.0,0.857143,0.040988,0.0,1.270771,3.143024,1.652921,3.697526
weak_cue,contact_reactive,fragile,280,0.142857,0.040988,0.232143,0.857143,0.040988,0.857143,0.040988,0.0,0.0,0.857143,0.040988,0.0,1.405971,3.510218,1.82066,4.127719
weak_cue,contact_reactive,nominal,280,1.0,0.0,0.964286,0.0,0.0,0.0,0.0,0.0,0.0,0.0,0.0,0.0,0.171661,0.030899,0.233819,0.042087
weak_cue,contact_reactive,occluded_rim,280,0.142857,0.040988,0.292857,0.857143,0.040988,0.857143,0.040988,0.0,0.0,0.857143,0.040988,0.0,1.197554,2.786988,1.59084,3.286349
weak_cue,contact_reactive,slippery,280,0.142857,0.040988,0.278571,0.857143,0.040988,0.857143,0.040988,0.0,0.0,0.857143,0.040988,0.0,1.091686,2.253646,1.45444,2.661795
weak_cue,contact_reactive,thin_lip,280,0.142857,0.040988,0.317857,0.857143,0.040988,0.857143,0.040988,0.0,0.0,0.857143,0.040988,0.0,1.148503,2.563873,1.520151,3.023623
weak_cue,deadline_threshold,compliant_skin,280,0.492857,0.05856,0.475,0.507143,0.05856,0.507143,0.05856,0.025,0.018287,0.475,0.058493,0.107143,0.840413,1.90056,1.67049,3.705388
weak_cue,deadline_threshold,fragile,280,0.535714,0.058417,0.514286,0.464286,0.058417,0.464286,0.058417,0.003571,0.006987,0.453571,0.058313,0.089286,0.873271,1.925046,1.812045,4.128069
weak_cue,deadline_threshold,nominal,280,0.910714,0.033401,0.882143,0.071429,0.030166,0.0,0.0,0.089286,0.033401,0.0,0.0,0.0,0.221656,0.157755,0.265173,0.047733
weak_cue,deadline_threshold,occluded_rim,280,0.232143,0.049453,0.232143,0.767857,0.049453,0.767857,0.049453,0.078571,0.031517,0.657143,0.055599,0.096429,1.094699,2.579189,1.563834,3.308578
weak_cue,deadline_threshold,slippery,280,0.435714,0.05808,0.421429,0.564286,0.05808,0.564286,0.05808,0.014286,0.0139,0.539286,0.058385,0.075,0.802677,1.513053,1.450063,2.66612
weak_cue,deadline_threshold,thin_lip,280,0.385714,0.057016,0.371429,0.614286,0.057016,0.614286,0.057016,0.021429,0.016962,0.567857,0.058024,0.103571,0.893151,1.871481,1.523776,3.027209
weak_cue,fixed_nominal,compliant_skin,280,0.0,0.0,0.0,1.0,0.0,1.0,0.0,0.0,0.0,0.857143,0.040988,0.0,1.42324,3.656183,1.625561,3.692606
weak_cue,fixed_nominal,fragile,280,0.0,0.0,0.028571,1.0,0.0,1.0,0.0,0.0,0.0,0.857143,0.040988,0.0,1.60434,4.088781,1.852241,4.133407
weak_cue,fixed_nominal,nominal,280,1.0,0.0,0.967857,0.0,0.0,0.0,0.0,0.0,0.0,0.0,0.0,0.0,0.170036,0.030606,0.227279,0.040912
weak_cue,fixed_nominal,occluded_rim,280,0.0,0.0,0.007143,1.0,0.0,1.0,0.0,0.0,0.0,0.857143,0.040988,0.0,1.357592,3.244367,1.585966,3.285472
weak_cue,fixed_nominal,slippery,280,0.0,0.0,0.003571,1.0,0.0,1.0,0.0,0.0,0.0,0.857143,0.040988,0.0,1.220248,2.619645,1.470525,2.66469
weak_cue,fixed_nominal,thin_lip,280,0.0,0.0,0.003571,1.0,0.0,1.0,0.0,0.0,0.0,0.857143,0.040988,0.0,1.297046,2.983468,1.526685,3.024801
weak_cue,oracle_precontact,compliant_skin,280,1.0,0.0,0.967857,0.0,0.0,0.0,0.0,0.0,0.0,0.0,0.0,0.0,0.169187,0.030454,0.225038,0.040511
weak_cue,oracle_precontact,fragile,280,1.0,0.0,0.975,0.0,0.0,0.0,0.0,0.0,0.0,0.0,0.0,0.0,0.171467,0.030864,0.230049,0.041412
weak_cue,oracle_precontact,nominal,280,1.0,0.0,0.967857,0.0,0.0,0.0,0.0,0.0,0.0,0.0,0.0,0.0,0.172584,0.031065,0.232268,0.041811
weak_cue,oracle_precontact,occluded_rim,280,1.0,0.0,0.964286,0.0,0.0,0.0,0.0,0.0,0.0,0.0,0.0,0.0,0.170632,0.030714,0.234436,0.042194
weak_cue,oracle_precontact,slippery,280,1.0,0.0,0.978571,0.0,0.0,0.0,0.0,0.0,0.0,0.0,0.0,0.0,0.170006,0.030601,0.228738,0.041176
weak_cue,oracle_precontact,thin_lip,280,1.0,0.0,0.975,0.0,0.0,0.0,0.0,0.0,0.0,0.0,0.0,0.0,0.170581,0.030704,0.230494,0.041492
weak_cue,posterior_fixed,compliant_skin,280,0.303571,0.053857,0.3,0.696429,0.053857,0.696429,0.053857,0.010714,0.012059,0.735714,0.05165,0.3,1.077096,2.572449,1.677545,3.702828
weak_cue,posterior_fixed,fragile,280,0.335714,0.055315,0.317857,0.664286,0.055315,0.664286,0.055315,0.0,0.0,0.682143,0.054542,0.292857,1.157176,2.732577,1.823355,4.128203
weak_cue,posterior_fixed,nominal,280,0.964286,0.021737,0.942857,0.025,0.018287,0.0,0.0,0.035714,0.021737,0.035714,0.021737,0.0,0.189187,0.079768,0.234184,0.042153
weak_cue,posterior_fixed,occluded_rim,280,0.221429,0.048634,0.214286,0.778571,0.048634,0.778571,0.048634,0.021429,0.016962,0.785714,0.048062,0.142857,1.114566,2.557765,1.579289,3.287349
weak_cue,posterior_fixed,slippery,280,0.417857,0.05777,0.410714,0.582143,0.05777,0.582143,0.05777,0.0,0.0,0.625,0.056706,0.110714,0.8215,1.545013,1.458681,2.662566
weak_cue,posterior_fixed,thin_lip,280,0.371429,0.056597,0.375,0.628571,0.056597,0.628571,0.056597,0.014286,0.0139,0.65,0.055869,0.128571,0.910084,1.906672,1.515218,3.025262
weak_cue,posterior_tuned,compliant_skin,280,0.478571,0.058512,0.460714,0.521429,0.058512,0.521429,0.058512,0.096429,0.034575,0.45,0.058273,0.089286,0.847702,2.021872,1.673887,3.736852
weak_cue,posterior_tuned,fragile,280,0.521429,0.058512,0.517857,0.478571,0.058512,0.478571,0.058512,0.042857,0.023723,0.467857,0.058445,0.089286,0.887249,2.021134,1.83026,4.138068
weak_cue,posterior_tuned,nominal,280,0.753571,0.050476,0.732143,0.185714,0.04555,0.0,0.0,0.246429,0.050476,0.203571,0.047164,0.0,0.307426,0.376051,0.745781,1.534241
weak_cue,posterior_tuned,occluded_rim,280,0.314286,0.054376,0.303571,0.685714,0.054376,0.685714,0.054376,0.203571,0.047164,0.517857,0.058529,0.003571,0.969974,2.43531,1.579553,4.188592
weak_cue,posterior_tuned,slippery,280,0.535714,0.058417,0.525,0.464286,0.058417,0.464286,0.058417,0.042857,0.023723,0.453571,0.058313,0.0,0.692699,1.281829,1.459058,2.673267
weak_cue,posterior_tuned,thin_lip,280,0.535714,0.058417,0.525,0.464286,0.058417,0.464286,0.058417,0.053571,0.026375,0.439286,0.058133,0.0,0.721595,1.460244,1.506473,3.036889
weak_cue,risk_guard,compliant_skin,280,0.578571,0.057839,0.557143,0.421429,0.057839,0.421429,0.057839,0.057143,0.027188,0.364286,0.056368,0.003571,0.72439,1.62039,1.613595,3.711439
weak_cue,risk_guard,fragile,280,0.614286,0.057016,0.603571,0.385714,0.057016,0.385714,0.057016,0.021429,0.016962,0.364286,0.056368,0.003571,0.762346,1.624365,1.817392,4.133297
weak_cue,risk_guard,nominal,280,0.746429,0.050959,0.742857,0.196429,0.046536,0.0,0.0,0.253571,0.050959,0.0,0.0,0.0,0.310375,0.38801,0.736216,1.532516
weak_cue,risk_guard,occluded_rim,280,0.257143,0.051194,0.253571,0.742857,0.051194,0.742857,0.051194,0.225,0.048912,0.510714,0.058553,0.010714,1.029107,2.63881,1.57188,4.188719
weak_cue,risk_guard,slippery,280,0.453571,0.058313,0.446429,0.546429,0.058313,0.546429,0.058313,0.089286,0.033401,0.453571,0.058313,0.007143,0.7688,1.539098,1.421882,2.688346
weak_cue,risk_guard,thin_lip,280,0.478571,0.058512,0.453571,0.521429,0.058512,0.521429,0.058512,0.071429,0.030166,0.446429,0.058229,0.010714,0.784573,1.64658,1.534796,3.047278
weak_cue,v2_guard,compliant_skin,280,0.275,0.052301,0.271429,0.725,0.052301,0.725,0.052301,0.007143,0.009864,0.682143,0.054542,0.303571,1.109598,2.671871,1.631482,3.696372
weak_cue,v2_guard,fragile,280,0.328571,0.055016,0.314286,0.671429,0.055016,0.671429,0.055016,0.0,0.0,0.653571,0.055735,0.285714,1.162687,2.760712,1.833244,4.129987
weak_cue,v2_guard,nominal,280,0.967857,0.02066,0.928571,0.025,0.018287,0.0,0.0,0.032143,0.02066,0.0,0.0,0.0,0.188883,0.076142,0.23936,0.043087
weak_cue,v2_guard,occluded_rim,280,0.164286,0.043402,0.178571,0.835714,0.043402,0.835714,0.043402,0.032143,0.02066,0.75,0.05072,0.157143,1.17366,2.750545,1.594443,3.291805
weak_cue,v2_guard,slippery,280,0.339286,0.055458,0.325,0.660714,0.055458,0.660714,0.055458,0.0,0.0,0.65,0.055869,0.182143,0.898656,1.747472,1.43363,2.658057
weak_cue,v2_guard,thin_lip,280,0.328571,0.055016,0.325,0.671429,0.055016,0.671429,0.055016,0.021429,0.016962,0.621429,0.056813,0.157143,0.952641,2.039333,1.516266,3.026839
